timestamp,s_CPU (%),s_MEM (%),s_pods,decision_action,decision_action_by,epsilon,s'_CPU (%),s'_MEM (%),s'_pods,s'_latency (ms),s'_drop_packets (%),is_done,reward
2024-12-17 20:10:06.246352,37.43,98.61,1,1,Policy,0.5,19.46,83.34,2,1004.1666666666666,0.0,True,-0.660991
2024-12-17 20:11:18.998420,8.11,94.12,2,0,Random,0.5,8.11,94.12,2,911.1666666666666,0.0,True,-0.63837
2024-12-17 20:12:34.780848,10.78,96.1,2,-1,Policy,0.5,0.13,90.35,1,782.0,0.0,True,-0.275054
2024-12-17 20:14:38.415967,44.46,136.3,1,1,Policy,0.5,0.15,79.84,2,2061.8333333333335,0.0,True,-0.862751
2024-12-17 20:16:37.829642,21.0,100.01,2,1,Policy,0.5,0.25,88.77,3,3025.5,0.0,True,-1.186063
2024-12-17 20:17:54.797705,25.62,99.59,3,-1,Policy,0.5,4.27,99.2,2,904.0,0.0,True,-0.636581
2024-12-17 20:19:07.274771,4.68,99.99,2,0,Policy,0.5,4.68,99.99,2,1206.3333333333333,0.0,True,-0.706745
2024-12-17 20:20:19.784352,7.15,97.57,2,0,Random,0.5,3.87,94.83,2,1077.3333333333333,0.0,True,-0.678062
2024-12-17 20:21:33.073998,8.71,132.14,2,0,Random,0.5,8.71,132.14,2,1004.6666666666666,0.0,True,-0.66111
2024-12-17 20:22:45.615658,8.06,98.98,2,0,Random,0.5,8.06,98.98,2,833.1666666666666,0.0,True,-0.618532
2024-12-17 20:24:21.123821,8.83,98.34,2,1,Policy,0.5,13.08,85.66,3,951.5,0.0,True,-0.84135
2024-12-17 20:25:34.078905,6.75,101.71,3,0,Policy,0.5,6.75,101.71,3,863.5,0.0,True,-0.819383
2024-12-17 20:27:15.978723,4.18,106.17,3,1,Policy,0.5,18.55,98.41,4,4422.666666666667,0.0,True,-1.464871
2024-12-17 20:28:29.537206,8.26,106.34,4,0,Random,0.5,8.26,106.34,4,1717.6666666666667,0.0,True,-1.135982
2024-12-17 20:29:45.479785,2.5,104.24,4,-1,Policy,0.5,3.29,102.05,3,964.1666666666666,0.0,True,-0.84443
2024-12-17 20:30:58.496365,4.91,101.34,3,0,Policy,0.5,4.91,101.34,3,985.0,0.0,True,-0.849453
2024-12-17 20:32:10.765979,4.79,101.51,3,0,Policy,0.5,4.79,101.51,3,950.6666666666666,0.0,True,-0.841147
2024-12-17 20:33:51.759302,5.0,102.13,3,1,Policy,0.5,24.88,94.74,4,2947.5,0.0,True,-1.31371
2024-12-17 20:35:05.299901,13.53,104.02,4,0,Random,0.5,5.77,104.58,4,1262.3333333333333,0.0,True,-1.048678
2024-12-17 20:36:21.337261,2.1,103.26,4,0,Random,0.5,2.1,103.26,4,1400.6666666666667,0.0,True,-1.076934
2024-12-17 20:37:35.765919,12.86,106.32,4,0,Policy,0.5,0.14,106.32,4,1949.3333333333333,0.0,True,-1.174928
2024-12-17 20:38:49.375415,2.59,104.85,4,0,Policy,0.5,2.59,104.85,4,1375.8333333333333,0.0,True,-1.071983
2024-12-17 20:40:52.427856,6.9,102.72,4,1,Policy,0.5,17.73,91.95,5,2330.5,0.0,True,-1.33903
2024-12-17 20:42:07.583508,1.87,89.2,5,-1,Random,0.5,1.26,87.78,4,2073.8333333333335,0.0,True,-1.194613
2024-12-17 20:43:20.486951,11.18,87.47,4,0,Policy,0.5,1.54,90.37,4,815.0,0.0,True,-0.94379
2024-12-17 20:44:51.711761,12.2,89.72,4,1,Policy,0.5,9.12,88.22,5,1930.0,0.0,True,-1.278033
2024-12-17 20:46:08.571032,3.9,88.89,5,-1,Policy,0.5,1.46,92.08,4,809.6666666666666,0.0,True,-0.942389
2024-12-17 20:47:21.120935,7.12,91.88,4,0,Random,0.5,7.12,91.88,4,2707.3333333333335,0.0,True,-1.283826
2024-12-17 20:48:35.539763,4.99,91.42,4,0,Policy,0.5,4.99,91.42,4,889.1666666666666,0.0,True,-0.962857
2024-12-17 20:49:51.424621,2.41,102.34,4,0,Random,0.5,2.41,102.34,4,5517.333333333333,0.0,True,-1.552413
2024-12-17 20:51:09.038376,29.61,94.57,4,-1,Random,0.5,23.82,91.07,3,1135.8333333333333,0.0,True,-0.884321
2024-12-17 20:52:25.441238,4.28,87.89,3,-1,Policy,0.5,6.35,85.64,2,801.3333333333334,0.0,True,-0.610192
2024-12-17 20:53:41.532789,14.08,81.36,2,-1,Random,0.5,15.11,69.31,1,875.0,0.0,True,-0.299274
2024-12-17 20:54:58.328319,5.72,73.79,1,0,Policy,0.5,5.72,73.79,1,751.0,0.0,True,-0.266699
2024-12-17 20:56:17.352363,10.46,74.55,1,0,Policy,0.5,10.46,74.55,1,823.0,0.0,True,-0.285884
2024-12-17 20:57:50.858954,36.8,75.86,1,1,Random,0.5,23.51,71.1,2,1110.5,0.0,True,-0.685603
2024-12-17 20:59:06.805877,7.38,90.09,2,-1,Random,0.5,7.9,77.96,1,764.6666666666666,0.0,True,-0.270401
2024-12-17 21:00:36.365491,40.15,77.23,1,1,Random,0.5,34.34,72.64,2,1042.3333333333333,0.0,True,-0.669972
2024-12-17 21:02:06.450206,7.48,89.44,2,1,Policy,0.5,10.61,82.44,3,2290.1666666666665,0.0,True,-1.090031
2024-12-17 21:03:19.438233,1.75,94.66,3,0,Random,0.5,2.66,97.85,3,848.1666666666666,0.0,True,-0.815449
2024-12-17 21:04:36.051682,13.07,95.68,3,-1,Random,0.5,16.72,92.75,2,988.5,0.0,True,-0.657255
2024-12-17 21:05:51.883998,6.78,92.86,2,-1,Random,0.5,12.01,79.64,1,763.0,0.0,True,-0.269951
2024-12-17 21:07:06.795707,6.69,75.32,1,0,Policy,0.5,6.69,75.32,1,786.5,0.0,True,-0.276255
2024-12-17 21:09:05.674803,6.07,77.61,1,1,Policy,0.5,0.13,72.4,2,935.3333333333334,0.0,True,-0.644352
2024-12-17 21:10:21.457712,20.36,73.74,2,-1,Random,0.5,7.81,78.23,1,856.1666666666666,0.0,True,-0.294468
2024-12-17 21:12:21.061998,7.14,81.79,1,1,Policy,0.5,0.19,68.24,2,1898.0,0.0,True,-0.836569
2024-12-17 21:13:33.209111,38.06,93.94,2,0,Random,0.5,38.06,93.94,2,2069.8333333333335,0.0,True,-0.863993
2024-12-17 21:14:49.354823,11.4,95.34,2,-1,Random,0.5,0.15,81.29,1,794.0,0.0,True,-0.278249
2024-12-17 21:16:36.409560,8.6,74.9,1,1,Policy,0.5,78.53,75.1,2,2434.6666666666665,0.0,True,-0.917456
2024-12-17 21:17:53.718274,9.98,92.06,2,-1,Random,0.5,10.52,78.79,1,1250.1666666666667,0.0,True,-0.386111
2024-12-17 21:19:52.315773,7.47,75.33,1,1,Policy,0.5,51.2,72.83,2,2351.1666666666665,0.0,True,-0.905739
2024-12-17 21:21:09.004552,19.14,71.87,2,-1,Random,0.5,27.39,79.26,1,828.1666666666666,0.0,True,-0.287231
2024-12-17 21:22:51.758701,5.65,82.65,1,1,Policy,0.5,20.65,72.9,2,1960.5,0.0,True,-0.846727
2024-12-17 21:24:08.427759,9.2,90.16,2,-1,Policy,0.5,0.15,76.06,1,875.5,0.0,True,-0.299401
2024-12-17 21:26:04.316675,6.34,77.23,1,1,Policy,0.5,67.36,96.04,2,3716.6666666666665,0.0,True,-1.068463
2024-12-17 21:27:20.675442,31.64,102.24,2,-1,Policy,0.5,0.14,80.0,1,844.6666666666666,0.0,True,-0.291509
2024-12-17 21:28:44.925310,0.14,80.44,1,0,Policy,0.5,0.14,80.44,1,943.6666666666666,0.0,True,-0.316398
2024-12-17 21:30:06.410703,0.19,57.39,1,0,Policy,0.5,0.19,57.39,1,987.6666666666666,0.0,True,-0.327055
2024-12-17 21:31:23.849030,9.14,80.16,1,0,Policy,0.5,9.14,80.16,1,981.8333333333334,0.0,True,-0.325656
2024-12-17 21:33:06.583827,9.65,77.18,1,1,Policy,0.5,18.25,72.08,2,1642.0,0.0,True,-0.792538
2024-12-17 21:34:22.686831,5.57,87.49,2,-1,Random,0.5,0.19,77.18,1,1042.5,0.0,True,-0.340011
2024-12-17 21:36:21.955711,111.4,109.9,1,1,Policy,0.5,21.29,75.94,2,1670.8333333333333,0.0,True,-0.797706
2024-12-17 21:37:37.065531,13.38,91.01,2,0,Random,0.5,2.28,88.62,2,1623.1666666666667,0.0,True,-0.789132
2024-12-17 21:38:51.582066,3.7,94.48,2,0,Policy,0.5,8.42,91.96,2,4370.833333333333,0.0,True,-1.130298
2024-12-17 21:40:07.574672,53.04,112.12,2,-1,Random,0.5,77.07,84.91,1,840.5,0.0,True,-0.290432
2024-12-17 21:41:25.242593,11.18,76.24,1,0,Policy,0.5,11.18,76.24,1,836.0,0.0,True,-0.289267
2024-12-17 21:43:07.475898,39.51,84.15,1,1,Policy,0.5,75.86,96.71,2,1031.6666666666667,0.0,True,-0.667479
2024-12-17 21:44:23.542726,5.66,72.93,2,-1,Policy,0.5,3.2,80.3,1,798.0,0.0,True,-0.27931
2024-12-17 21:46:21.206883,10.9,82.76,1,1,Policy,0.5,49.16,74.12,2,1655.1666666666667,0.0,True,-0.794905
2024-12-17 21:47:38.025330,11.02,94.04,2,-1,Random,0.5,5.27,75.5,1,950.8333333333334,0.0,True,-0.31815
2024-12-17 21:49:35.075549,6.09,76.53,1,1,Policy,0.5,58.48,82.54,2,3053.5,0.0,True,-0.996325
2024-12-17 21:50:51.967823,10.22,114.39,2,-1,Random,0.5,6.75,78.74,1,998.5,0.0,True,-0.329643
2024-12-17 21:52:37.878494,12.22,79.9,1,1,Policy,0.5,16.45,73.64,2,3583.6666666666665,0.0,True,-1.054846
2024-12-17 21:53:51.216572,18.6,93.1,2,0,Policy,0.5,3.02,92.69,2,941.3333333333334,0.0,True,-0.645826
2024-12-17 21:55:07.768063,6.72,93.52,2,-1,Random,0.5,0.16,80.96,1,880.8333333333334,0.0,True,-0.300753
2024-12-17 21:57:02.079889,17.41,80.89,1,1,Policy,0.5,0.16,73.8,2,2922.0,0.0,True,-0.980625
2024-12-17 21:58:41.395346,12.79,109.21,2,1,Policy,0.5,10.51,83.96,3,3857.1666666666665,0.0,True,-1.275476
2024-12-17 21:59:58.489448,6.92,90.65,2,-1,Random,0.5,13.68,72.79,1,782.6666666666666,0.0,True,-0.275232
2024-12-17 22:01:19.783958,10.84,74.79,1,0,Policy,0.5,0.15,63.39,1,735.6666666666666,0.0,True,-0.262512
2024-12-17 22:02:32.280491,35.71,75.21,1,0,Policy,0.5,35.71,75.21,1,796.6666666666666,0.0,True,-0.278957
2024-12-17 22:03:44.976307,8.45,78.04,1,0,Policy,0.5,8.45,78.04,1,790.1666666666666,0.0,True,-0.277231
2024-12-17 22:05:50.584872,8.13,74.82,1,1,Policy,0.5,58.64,102.64,2,1706.8333333333333,0.0,True,-0.80408
2024-12-17 22:07:04.002175,8.36,95.85,2,0,Policy,0.5,8.36,95.85,2,1413.0,0.0,True,-0.749373
2024-12-17 22:08:20.241576,4.34,91.52,2,-1,Random,0.5,0.18,76.1,1,1012.8333333333334,0.0,True,-0.333045
2024-12-17 22:10:20.988573,71.33,79.44,1,1,Policy,0.5,0.18,74.62,2,1792.3333333333333,0.0,True,-0.818885
2024-12-17 22:11:33.147630,8.25,93.55,2,0,Policy,0.5,2.7,92.68,2,1394.0,0.0,True,-0.74561
2024-12-17 22:12:49.727782,33.78,94.54,2,-1,Random,0.5,7.61,75.66,1,879.5,0.0,True,-0.300415
2024-12-17 22:14:53.516459,0.15,78.48,1,1,Policy,0.5,16.57,72.82,2,3882.5,0.0,True,-1.084915
2024-12-17 22:16:10.453623,17.12,91.7,2,-1,Policy,0.5,25.48,80.98,1,817.3333333333334,0.0,True,-0.284402
2024-12-17 22:18:07.175709,8.52,76.19,1,1,Policy,0.5,1.24,78.22,2,1520.8333333333333,0.0,True,-0.770187
2024-12-17 22:19:24.651059,55.54,92.73,2,-1,Random,0.5,0.14,77.54,1,1014.3333333333334,0.0,True,-0.3334
2024-12-17 22:20:37.733407,8.89,77.42,1,0,Policy,0.5,8.89,77.42,1,960.8333333333334,0.0,True,-0.320584
2024-12-17 22:21:57.444922,48.52,82.06,1,0,Policy,0.5,48.52,82.06,1,1472.6666666666667,0.0,True,-0.431002
2024-12-17 22:23:16.732403,7.62,79.21,1,0,Policy,0.5,7.62,79.21,1,889.3333333333334,0.0,True,-0.302899
2024-12-17 22:24:33.297734,7.04,74.9,1,0,Policy,0.5,8.29,76.14,1,1194.0,0.0,True,-0.374076
2024-12-17 22:26:05.546390,40.08,77.14,1,1,Policy,0.5,16.66,72.34,2,2313.8333333333335,0.0,True,-0.900405
2024-12-17 22:27:21.937530,3.42,91.76,2,-1,Policy,0.5,10.62,76.52,1,866.3333333333334,0.0,True,-0.297068
2024-12-17 22:29:05.809932,44.21,81.04,1,1,Policy,0.5,77.59,73.8,2,3184.6666666666665,0.0,True,-1.011487
2024-12-17 22:30:21.750371,17.12,121.04,2,-1,Random,0.5,0.16,82.92,1,762.8333333333334,0.0,True,-0.269906
2024-12-17 22:31:37.074469,5.18,73.87,1,0,Policy,0.5,5.18,73.87,1,1226.8333333333333,0.0,True,-0.381148
2024-12-17 22:33:20.476347,11.16,79.84,1,1,Policy,0.5,18.78,73.42,2,1082.1666666666667,0.0,True,-0.679168
2024-12-17 22:34:36.343979,7.47,91.5,2,-1,Random,0.5,0.12,76.73,1,885.3333333333334,0.0,True,-0.30189
2024-12-17 22:35:51.128313,9.2,77.5,1,0,Policy,0.5,9.2,77.5,1,870.1666666666666,0.0,True,-0.298045
2024-12-17 22:37:05.934792,7.8,78.59,1,0,Policy,0.5,7.8,78.59,1,799.6666666666666,0.0,True,-0.279751
2024-12-17 22:38:20.728934,42.91,127.56,1,0,Policy,0.5,42.91,127.56,1,764.3333333333334,0.0,True,-0.270311
2024-12-17 22:39:33.021464,8.91,79.28,1,0,Policy,0.5,8.91,79.28,1,756.6666666666666,0.0,True,-0.268237
2024-12-17 22:40:56.222104,4.28,85.89,1,0,Policy,0.5,4.28,85.89,1,763.8333333333334,0.0,True,-0.270176
2024-12-17 22:42:50.249410,0.13,82.89,1,1,Policy,0.5,17.98,74.94,2,874.6666666666666,0.0,True,-0.629189
2024-12-17 22:44:05.921339,6.54,91.5,2,-1,Random,0.5,5.32,81.54,1,739.5,0.0,True,-0.263562
2024-12-17 22:46:20.304392,23.15,80.4,1,1,Policy,0.5,0.14,74.1,2,920.3333333333334,0.0,True,-0.640648
2024-12-17 22:47:36.014431,4.76,86.21,2,-1,Random,0.5,4.86,78.81,1,755.3333333333334,0.0,True,-0.267876
2024-12-17 22:48:54.913564,8.54,80.25,1,0,Policy,0.5,8.54,80.25,1,681.5,0.0,True,-0.247417
2024-12-17 22:50:50.358165,8.82,80.73,1,1,Policy,0.5,0.14,72.75,2,1035.5,0.0,True,-0.668376
2024-12-17 22:52:06.102417,2.72,95.14,2,-1,Random,0.5,0.13,82.76,1,669.0,0.0,True,-0.243865
2024-12-17 22:53:33.691135,10.01,80.01,1,0,Policy,0.5,0.14,63.38,1,714.0,0.0,True,-0.256531
2024-12-17 22:55:50.258084,15.58,76.55,1,1,Policy,0.5,0.14,61.36,2,861.5,0.0,True,-0.625834
2024-12-17 22:57:05.754966,6.77,95.29,2,-1,Policy,0.5,0.12,75.3,1,724.0,0.0,True,-0.259301
2024-12-17 22:58:20.281687,4.23,77.64,1,0,Policy,0.5,4.23,77.64,1,726.5,0.0,True,-0.259991
2024-12-17 22:59:39.182438,6.64,78.81,1,0,Policy,0.5,6.64,78.81,1,691.3333333333334,0.0,True,-0.250193
2024-12-17 23:00:51.660692,42.94,85.59,1,0,Random,0.5,42.94,85.59,1,693.1666666666666,0.0,True,-0.250709
2024-12-17 23:03:05.258948,5.04,83.26,1,1,Policy,0.5,0.14,75.12,2,819.1666666666666,0.0,True,-0.614882
2024-12-17 23:05:05.485073,22.46,95.14,2,1,Policy,0.5,0.13,86.9,3,1228.6666666666667,0.0,True,-0.904577
2024-12-17 23:06:18.101565,4.0,94.4,3,0,Policy,0.5,4.0,94.4,3,824.5,0.0,True,-0.809313
2024-12-17 23:07:34.026465,13.0,100.19,3,-1,Random,0.5,2.44,95.92,2,730.6666666666666,0.0,True,-0.591138
2024-12-17 23:08:49.547550,4.84,93.52,2,-1,Random,0.5,0.13,81.07,1,697.3333333333334,0.0,True,-0.251879
2024-12-17 23:10:04.330796,8.7,79.59,1,0,Policy,0.5,4.97,78.54,1,718.3333333333334,0.0,True,-0.257733
2024-12-17 23:12:05.236992,14.27,84.83,1,1,Policy,0.5,0.14,76.02,2,889.5,0.0,True,-0.632941
2024-12-17 23:13:21.129370,5.56,102.7,2,-1,Random,0.5,7.12,78.42,1,668.1666666666666,0.0,True,-0.243627
2024-12-17 23:15:36.108864,5.36,81.13,1,1,Policy,0.5,0.14,73.96,2,857.8333333333334,0.0,True,-0.624895
2024-12-17 23:16:51.609449,12.06,87.77,2,-1,Random,0.5,8.45,77.39,1,814.0,0.0,True,-0.283528
2024-12-17 23:18:07.416894,5.66,76.66,1,0,Policy,0.5,5.66,76.66,1,788.3333333333334,0.0,True,-0.276743
2024-12-17 23:19:22.311410,11.34,78.77,1,0,Policy,0.5,11.34,78.77,1,821.0,0.0,True,-0.285361
2024-12-17 23:20:34.788581,20.68,81.58,1,0,Policy,0.5,20.68,81.58,1,773.6666666666666,0.0,True,-0.272823
2024-12-17 23:22:05.599729,8.53,79.19,1,1,Policy,0.5,18.1,73.9,2,1174.5,0.0,True,-0.699826
2024-12-17 23:23:21.306634,9.43,94.54,2,-1,Random,0.5,11.86,79.32,1,782.1666666666666,0.0,True,-0.275099
2024-12-17 23:25:05.396134,10.35,75.93,1,1,Policy,0.5,13.59,71.08,2,879.3333333333334,0.0,True,-0.630373
2024-12-17 23:26:20.887037,7.39,91.7,2,-1,Policy,0.5,0.12,81.29,1,708.6666666666666,0.0,True,-0.255047
2024-12-17 23:27:33.285709,15.73,77.04,1,0,Policy,0.5,15.73,77.04,1,714.3333333333334,0.0,True,-0.256624
2024-12-17 23:29:50.382581,6.0,74.15,1,1,Policy,0.5,6.98,73.24,2,737.5,0.0,True,-0.593014
2024-12-17 23:31:51.817617,8.47,90.09,2,1,Policy,0.5,0.13,79.83,3,995.5,0.0,True,-0.851965
2024-12-17 23:33:36.442089,3.63,83.8,3,1,Policy,0.5,37.78,101.91,4,903.0,0.0,True,-0.966331
2024-12-17 23:34:49.938027,2.77,97.33,4,0,Policy,0.5,2.35,98.55,4,941.8333333333334,0.0,True,-0.975948
2024-12-17 23:36:05.688876,1.48,95.46,4,-1,Policy,0.5,0.12,91.23,3,973.1666666666666,0.0,True,-0.846607
2024-12-17 23:37:50.631070,14.36,98.75,3,1,Policy,0.5,6.86,82.84,4,1330.6666666666667,0.0,True,-1.062845
2024-12-17 23:39:06.462231,1.58,93.7,4,-1,Random,0.5,4.03,97.45,3,899.1666666666666,0.0,True,-0.828409
2024-12-17 23:40:22.159437,26.71,113.7,3,-1,Random,0.5,5.78,93.29,2,708.3333333333334,0.0,True,-0.584955
2024-12-17 23:41:34.536867,3.34,96.04,2,0,Policy,0.5,2.84,96.24,2,698.5,0.0,True,-0.582206
2024-12-17 23:42:50.115610,5.36,88.98,2,-1,Random,0.5,4.9,79.3,1,686.8333333333334,0.0,True,-0.248925
2024-12-17 23:44:20.234582,7.72,80.89,1,1,Policy,0.5,17.36,75.07,2,882.3333333333334,0.0,True,-0.631132
2024-12-17 23:45:35.819601,5.72,92.74,2,-1,Random,0.5,0.13,80.98,1,747.0,0.0,True,-0.26561
2024-12-17 23:46:48.312409,29.63,78.25,1,0,Policy,0.5,19.22,78.34,1,713.3333333333334,0.0,True,-0.256346
2024-12-17 23:48:00.696117,12.8,81.03,1,0,Random,0.5,12.8,81.03,1,775.6666666666666,0.0,True,-0.273359
2024-12-17 23:49:35.422293,7.94,78.16,1,1,Policy,0.5,40.7,71.8,2,886.5,0.0,True,-0.632185
2024-12-17 23:50:50.976480,4.12,84.9,2,-1,Random,0.5,0.13,64.35,1,701.6666666666666,0.0,True,-0.253093
2024-12-17 23:52:50.175174,4.65,78.34,1,1,Policy,0.5,58.78,103.18,2,796.3333333333334,0.0,True,-0.608868
2024-12-17 23:54:05.702112,6.4,89.38,2,-1,Policy,0.5,0.13,72.53,1,675.6666666666666,0.0,True,-0.245763
2024-12-17 23:55:28.774524,10.03,73.97,1,0,Policy,0.5,10.03,73.97,1,700.1666666666666,0.0,True,-0.252673
2024-12-17 23:57:50.295751,15.79,78.33,1,1,Policy,0.5,0.14,72.66,2,864.6666666666666,0.0,True,-0.626643
2024-12-17 23:59:06.965742,5.8,91.98,2,-1,Policy,0.5,0.13,80.77,1,688.3333333333334,0.0,True,-0.249348
2024-12-18 00:00:19.270153,5.06,68.11,1,0,Policy,0.5,9.32,76.96,1,701.8333333333334,0.0,True,-0.25314
2024-12-18 00:01:40.271382,0.15,75.34,1,0,Policy,0.5,0.15,75.34,1,798.6666666666666,0.0,True,-0.279486
2024-12-18 00:03:20.171941,14.36,80.44,1,1,Policy,0.5,14.61,73.52,2,878.1666666666666,0.0,True,-0.630077
2024-12-18 00:04:32.288332,3.44,83.68,2,0,Policy,0.5,3.44,83.68,2,1042.1666666666667,0.0,True,-0.669933
2024-12-18 00:05:48.139045,33.24,93.6,2,-1,Random,0.5,0.14,75.07,1,702.8333333333334,0.0,True,-0.253419
2024-12-18 00:07:34.672407,7.34,75.16,1,1,Policy,0.5,13.22,70.96,2,886.6666666666666,0.0,True,-0.632227
2024-12-18 00:08:47.049403,27.01,103.41,2,0,Policy,0.5,27.01,103.41,2,759.0,0.0,True,-0.598869
2024-12-18 00:10:02.626035,5.66,92.84,2,-1,Random,0.5,6.42,74.85,1,669.1666666666666,0.0,True,-0.243912
2024-12-18 00:11:15.050948,7.68,79.62,1,0,Policy,0.5,7.68,79.62,1,901.3333333333334,0.0,True,-0.305914
2024-12-18 00:12:50.111051,10.82,79.61,1,1,Policy,0.5,17.26,73.8,2,975.6666666666666,0.0,True,-0.654172
2024-12-18 00:14:50.775671,7.48,93.38,2,1,Policy,0.5,0.14,84.06,3,867.5,0.0,True,-0.820403
2024-12-18 00:16:06.437208,3.71,97.35,3,-1,Policy,0.5,3.4,95.1,2,843.0,0.0,True,-0.621079
2024-12-18 00:17:18.527444,11.69,94.0,2,0,Policy,0.5,13.11,93.96,2,987.0,0.0,True,-0.656895
2024-12-18 00:18:34.142902,34.92,94.64,2,-1,Policy,0.5,16.34,85.32,1,670.3333333333334,0.0,True,-0.244245
2024-12-18 00:20:05.012361,8.11,125.68,1,1,Random,0.5,33.7,74.71,2,802.1666666666666,0.0,True,-0.610412
2024-12-18 00:22:03.577733,9.76,90.18,2,1,Policy,0.5,39.11,91.47,3,1194.8333333333333,0.0,True,-0.897294
2024-12-18 00:23:19.724529,4.15,106.69,3,-1,Random,0.5,0.12,93.96,2,807.8333333333334,0.0,True,-0.611906
2024-12-18 00:25:20.769079,6.19,92.24,2,1,Policy,0.5,22.83,112.06,3,868.3333333333334,0.0,True,-0.820616
2024-12-18 00:26:36.493248,3.45,88.36,3,-1,Policy,0.5,4.14,83.61,2,725.3333333333334,0.0,True,-0.589669
2024-12-18 00:27:51.996652,4.37,89.56,2,-1,Random,0.5,4.59,76.69,1,680.6666666666666,0.0,True,-0.247181
2024-12-18 00:29:04.595685,29.85,78.4,1,0,Policy,0.5,29.85,78.4,1,704.3333333333334,0.0,True,-0.253838
2024-12-18 00:30:23.496584,52.13,85.21,1,0,Policy,0.5,52.13,85.21,1,672.6666666666666,0.0,True,-0.244909
2024-12-18 00:32:19.672652,11.81,76.5,1,1,Policy,0.5,16.7,72.58,2,877.0,0.0,True,-0.629781
2024-12-18 00:34:20.426189,21.22,98.23,2,1,Policy,0.5,18.58,86.38,3,764.1666666666666,0.0,True,-0.793303
2024-12-18 00:35:36.763321,1.76,81.8,3,-1,Random,0.5,2.68,91.75,2,680.8333333333334,0.0,True,-0.577228
2024-12-18 00:36:52.553188,2.68,91.06,2,-1,Random,0.5,0.12,76.22,1,754.3333333333334,0.0,True,-0.267605
2024-12-18 00:38:09.438941,4.27,80.11,1,0,Policy,0.5,4.27,80.11,1,699.3333333333334,0.0,True,-0.25244
2024-12-18 00:40:05.140707,25.22,84.97,1,1,Policy,0.5,0.14,72.92,2,891.8333333333334,0.0,True,-0.633529
2024-12-18 00:41:20.726963,3.85,96.6,2,-1,Random,0.5,0.13,82.64,1,767.8333333333334,0.0,True,-0.271254
2024-12-18 00:42:33.030412,41.21,84.02,1,0,Policy,0.5,5.12,78.34,1,733.8333333333334,0.0,True,-0.262009
2024-12-18 00:43:47.620489,27.41,92.38,1,0,Policy,0.5,27.41,92.38,1,723.3333333333334,0.0,True,-0.259117
2024-12-18 00:45:04.425296,9.37,80.14,1,0,Policy,0.5,6.47,78.31,1,773.6666666666666,0.0,True,-0.272823
2024-12-18 00:47:05.326037,9.81,79.49,1,1,Policy,0.5,58.5,89.91,2,786.1666666666666,0.0,True,-0.606166
2024-12-18 00:49:05.442835,4.14,88.85,2,1,Policy,0.5,15.23,83.56,3,962.0,0.0,True,-0.843905
2024-12-18 00:50:21.622720,3.32,86.0,3,-1,Random,0.5,11.98,90.83,2,807.6666666666666,0.0,True,-0.611862
2024-12-18 00:51:37.634776,7.07,90.56,2,-1,Random,0.5,4.2,81.0,1,677.8333333333334,0.0,True,-0.246378
2024-12-18 00:52:52.293232,7.99,80.13,1,0,Policy,0.5,7.99,80.13,1,662.0,0.0,True,-0.241864
2024-12-18 00:54:17.597955,36.93,78.98,1,0,Policy,0.5,36.93,78.98,1,738.0,0.0,True,-0.263151
2024-12-18 00:55:49.700997,42.54,105.62,1,1,Policy,0.5,24.48,75.43,2,862.8333333333334,0.0,True,-0.626175
2024-12-18 00:57:49.852788,20.44,119.07,2,1,Policy,0.5,29.04,85.21,3,1022.3333333333334,0.0,True,-0.858324
2024-12-18 00:59:07.273783,6.87,95.52,3,-1,Policy,0.5,5.22,95.23,2,772.3333333333334,0.0,True,-0.602464
2024-12-18 01:00:19.956023,4.98,93.34,2,0,Policy,0.5,4.6,91.76,2,759.5,0.0,True,-0.599005
2024-12-18 01:01:35.540151,5.04,92.68,2,-1,Random,0.5,0.13,76.85,1,798.3333333333334,0.0,True,-0.279398
2024-12-18 01:03:34.955709,14.39,80.27,1,1,Policy,0.5,0.14,74.14,2,837.1666666666666,0.0,True,-0.619569
2024-12-18 01:04:50.348506,3.58,72.36,2,-1,Random,0.5,5.29,72.66,1,798.8333333333334,0.0,True,-0.27953
2024-12-18 01:06:02.859709,47.56,83.41,1,0,Policy,0.5,5.23,80.05,1,726.3333333333334,0.0,True,-0.259945
2024-12-18 01:07:15.248652,24.06,79.51,1,0,Random,0.5,24.06,79.51,1,679.1666666666666,0.0,True,-0.246756
2024-12-18 01:08:49.851076,5.62,80.63,1,1,Policy,0.5,47.33,73.02,2,803.6666666666666,0.0,True,-0.610808
2024-12-18 01:10:05.837463,5.14,90.58,2,-1,Random,0.5,5.95,78.19,1,634.8333333333334,0.0,True,-0.234017
2024-12-18 01:11:18.142950,7.82,80.18,1,0,Policy,0.5,7.82,80.18,1,690.0,0.0,True,-0.249818
2024-12-18 01:12:30.042546,30.82,80.2,1,0,Random,0.5,30.82,80.2,1,813.8333333333334,0.0,True,-0.283484
2024-12-18 01:13:49.021186,41.03,78.0,1,0,Policy,0.5,21.52,80.74,1,735.6666666666666,0.0,True,-0.262512
2024-12-18 01:15:10.304651,8.5,82.46,1,0,Policy,0.5,8.5,82.46,1,676.8333333333334,0.0,True,-0.246094
2024-12-18 01:16:49.938047,4.84,81.64,1,1,Policy,0.5,32.41,74.59,2,871.0,0.0,True,-0.628257
2024-12-18 01:18:06.015899,5.43,90.22,2,-1,Policy,0.5,2.51,79.71,1,678.1666666666666,0.0,True,-0.246472
2024-12-18 01:19:34.770471,10.24,79.24,1,1,Policy,0.5,17.27,72.64,2,948.8333333333334,0.0,True,-0.647662
2024-12-18 01:20:49.810615,8.48,92.72,2,-1,Random,0.5,3.35,76.89,1,876.1666666666666,0.0,True,-0.29957
2024-12-18 01:22:02.331231,41.51,79.95,1,0,Policy,0.5,41.51,79.95,1,717.0,0.0,True,-0.257364
2024-12-18 01:23:34.913010,11.58,78.06,1,1,Policy,0.5,26.14,75.89,2,918.1666666666666,0.0,True,-0.64011
2024-12-18 01:24:50.690145,5.58,98.14,2,-1,Random,0.5,0.12,79.34,1,791.0,0.0,True,-0.277453
2024-12-18 01:26:07.601430,5.97,75.61,1,0,Policy,0.5,5.97,75.61,1,821.0,0.0,True,-0.285361
2024-12-18 01:27:19.997016,8.91,76.57,1,0,Policy,0.5,8.91,76.57,1,780.1666666666666,0.0,True,-0.274564
2024-12-18 01:29:19.900381,23.63,119.34,1,1,Policy,0.5,0.14,61.76,2,909.6666666666666,0.0,True,-0.637996
2024-12-18 01:30:35.594564,10.95,90.89,2,-1,Policy,0.5,5.1,73.72,1,668.6666666666666,0.0,True,-0.24377
2024-12-18 01:32:19.679526,32.09,82.46,1,1,Policy,0.5,13.3,66.25,2,837.0,0.0,True,-0.619526
2024-12-18 01:33:35.197745,15.35,92.15,2,-1,Policy,0.5,8.04,78.36,1,659.3333333333334,0.0,True,-0.241099
2024-12-18 01:35:04.793146,40.06,77.21,1,1,Policy,0.5,25.73,72.67,2,779.0,0.0,True,-0.604252
2024-12-18 01:36:20.560888,23.38,119.72,2,-1,Random,0.5,5.66,79.86,1,678.5,0.0,True,-0.246567
2024-12-18 01:37:33.069519,5.79,82.38,1,0,Policy,0.5,19.53,79.17,1,681.3333333333334,0.0,True,-0.24737
2024-12-18 01:38:45.477626,8.99,74.94,1,0,Policy,0.5,8.99,74.94,1,685.0,0.0,True,-0.248407
2024-12-18 01:40:50.108223,29.54,80.01,1,1,Policy,0.5,17.64,83.03,2,870.8333333333334,0.0,True,-0.628215
2024-12-18 01:42:02.659885,19.61,88.37,2,0,Random,0.5,19.61,88.37,2,746.3333333333334,0.0,True,-0.595429
2024-12-18 01:43:18.168986,14.86,96.51,2,-1,Random,0.5,16.22,78.26,1,677.5,0.0,True,-0.246283
2024-12-18 01:45:20.013029,10.48,83.31,1,1,Policy,0.5,0.13,75.11,2,942.6666666666666,0.0,True,-0.646153
2024-12-18 01:46:35.733271,12.16,97.56,2,-1,Random,0.5,8.0,84.03,1,673.5,0.0,True,-0.245147
2024-12-18 01:47:48.353043,12.32,81.25,1,0,Random,0.5,12.32,81.25,1,785.0,0.0,True,-0.275855
2024-12-18 01:49:09.343659,9.3,87.88,1,0,Policy,0.5,9.3,87.88,1,880.5,0.0,True,-0.300668
2024-12-18 01:50:50.063371,11.72,81.59,1,1,Policy,0.5,19.04,74.46,2,782.5,0.0,True,-0.605188
2024-12-18 01:52:05.561513,3.71,92.82,2,-1,Random,0.5,0.12,77.29,1,658.3333333333334,0.0,True,-0.240812
2024-12-18 01:53:20.035742,26.38,66.95,1,0,Policy,0.5,26.38,66.95,1,733.8333333333334,0.0,True,-0.262009
2024-12-18 01:54:32.641639,7.01,79.13,1,0,Policy,0.5,7.01,79.13,1,766.6666666666666,0.0,True,-0.27094
2024-12-18 01:56:34.764581,7.46,83.96,1,1,Policy,0.5,9.47,92.12,2,808.8333333333334,0.0,True,-0.61217
2024-12-18 01:57:47.538841,14.54,88.46,2,0,Random,0.5,14.54,88.46,2,867.0,0.0,True,-0.627238
2024-12-18 01:59:03.328081,3.52,94.85,2,-1,Random,0.5,0.12,82.3,1,690.8333333333334,0.0,True,-0.250052
2024-12-18 02:00:24.421279,0.13,78.36,1,0,Policy,0.5,0.13,78.36,1,734.8333333333334,0.0,True,-0.262283
2024-12-18 02:01:36.831694,31.75,82.2,1,0,Random,0.5,31.75,82.2,1,708.1666666666666,0.0,True,-0.254908
2024-12-18 02:02:51.338121,20.99,104.28,1,0,Policy,0.5,20.99,104.28,1,742.5,0.0,True,-0.264382
2024-12-18 02:04:05.914309,46.22,79.7,1,0,Random,0.5,46.22,79.7,1,727.3333333333334,0.0,True,-0.26022
2024-12-18 02:05:34.816402,18.5,78.91,1,1,Policy,0.5,22.04,73.16,2,885.0,0.0,True,-0.631806
2024-12-18 02:06:50.495225,6.22,91.9,2,-1,Random,0.5,4.98,80.25,1,817.0,0.0,True,-0.284314
2024-12-18 02:08:03.009166,31.54,119.29,1,0,Policy,0.5,30.72,83.02,1,716.6666666666666,0.0,True,-0.257271
2024-12-18 02:09:15.414532,57.03,85.05,1,0,Policy,0.5,57.03,85.05,1,675.1666666666666,0.0,True,-0.245621
2024-12-18 02:11:05.123814,6.14,78.37,1,1,Policy,0.5,16.4,71.8,2,855.5,0.0,True,-0.624297
2024-12-18 02:13:19.887819,2.58,92.38,2,1,Policy,0.5,0.14,80.66,3,1002.6666666666666,0.0,True,-0.853672
2024-12-18 02:14:35.906299,7.82,97.54,3,-1,Random,0.5,21.08,92.24,2,761.0,0.0,True,-0.59941
2024-12-18 02:15:51.599077,3.12,94.8,2,-1,Policy,0.5,7.1,77.45,1,670.5,0.0,True,-0.244292
2024-12-18 02:17:04.073417,6.0,82.72,1,0,Policy,0.5,6.0,82.72,1,835.6666666666666,0.0,True,-0.28918
2024-12-18 02:18:49.589058,3.92,81.27,1,1,Policy,0.5,40.93,75.68,2,954.3333333333334,0.0,True,-0.649003
2024-12-18 02:20:19.956979,13.2,97.14,2,1,Random,0.5,13.98,86.3,3,1378.0,0.0,True,-0.935455
2024-12-18 02:21:35.584129,2.16,94.5,3,-1,Random,0.5,0.12,90.2,2,842.0,0.0,True,-0.62082
2024-12-18 02:22:51.190804,18.24,92.63,2,-1,Policy,0.5,6.53,85.27,1,672.5,0.0,True,-0.244862
2024-12-18 02:24:49.798743,25.39,81.87,1,1,Policy,0.5,0.14,73.66,2,830.5,0.0,True,-0.617838
2024-12-18 02:26:05.385145,16.88,112.92,2,-1,Random,0.5,6.04,80.0,1,775.5,0.0,True,-0.273314
2024-12-18 02:27:17.853718,19.25,74.66,1,0,Random,0.5,19.25,74.66,1,676.0,0.0,True,-0.245857
2024-12-18 02:29:34.924321,18.2,77.89,1,1,Policy,0.5,0.14,73.1,2,890.1666666666666,0.0,True,-0.633109
2024-12-18 02:30:47.571539,45.06,92.24,2,0,Policy,0.5,45.06,92.24,2,842.6666666666666,0.0,True,-0.620992
2024-12-18 02:32:00.172024,3.81,83.9,2,0,Policy,0.5,3.81,83.9,2,916.3333333333334,0.0,True,-0.639655
2024-12-18 02:34:05.611284,5.4,92.38,2,1,Policy,0.5,29.03,96.49,3,1537.1666666666667,0.0,True,-0.9663
2024-12-18 02:35:21.457556,3.91,96.16,3,-1,Random,0.5,2.91,91.43,2,781.3333333333334,0.0,True,-0.604876
2024-12-18 02:37:34.918421,4.74,92.09,2,1,Policy,0.5,0.13,79.51,3,1196.3333333333333,0.0,True,-0.89762
2024-12-18 02:38:47.842759,15.68,94.5,3,0,Policy,0.5,15.68,94.5,3,1245.1666666666667,0.0,True,-0.908089
2024-12-18 02:40:04.134673,3.25,97.16,3,-1,Policy,0.5,19.77,84.89,2,834.5,0.0,True,-0.618878
2024-12-18 02:41:16.824380,2.82,87.02,2,0,Policy,0.5,2.82,87.02,2,812.8333333333334,0.0,True,-0.613221
2024-12-18 02:42:50.044366,4.52,93.7,2,1,Policy,0.5,10.63,84.82,3,1194.3333333333333,0.0,True,-0.897186
2024-12-18 02:44:06.504943,16.16,94.45,3,-1,Policy,0.5,2.23,94.04,2,821.3333333333334,0.0,True,-0.615448
2024-12-18 02:46:05.242908,22.8,92.68,2,1,Policy,0.5,0.13,77.94,3,1414.3333333333333,0.0,True,-0.942674
2024-12-18 02:47:21.126344,5.01,96.77,3,-1,Random,0.5,3.5,91.48,2,771.8333333333334,0.0,True,-0.60233
2024-12-18 02:49:34.836143,26.7,93.94,2,1,Policy,0.5,15.07,84.17,3,799.0,0.0,True,-0.802612
2024-12-18 02:50:50.725334,2.71,96.35,3,-1,Policy,0.5,3.62,88.98,2,775.3333333333334,0.0,True,-0.60327
2024-12-18 02:52:05.403929,11.97,89.94,2,0,Policy,0.5,3.77,89.6,2,690.8333333333334,0.0,True,-0.580052
2024-12-18 02:53:21.008494,9.38,92.59,2,-1,Random,0.5,18.63,79.47,1,702.0,0.0,True,-0.253186
2024-12-18 02:54:33.587988,12.62,78.0,1,0,Random,0.5,12.62,78.0,1,773.8333333333334,0.0,True,-0.272867
2024-12-18 02:56:19.623654,8.37,76.7,1,1,Policy,0.5,28.22,74.1,2,841.1666666666666,0.0,True,-0.620605
2024-12-18 02:57:36.009095,5.3,91.56,2,-1,Random,0.5,0.13,77.23,1,837.8333333333334,0.0,True,-0.289742
2024-12-18 02:59:22.071038,8.0,75.62,1,1,Policy,0.5,33.0,73.5,2,945.5,0.0,True,-0.646847
2024-12-18 03:00:37.690406,3.94,86.94,2,-1,Policy,0.5,7.39,77.53,1,715.3333333333334,0.0,True,-0.256901
2024-12-18 03:02:16.171425,0.13,77.77,1,0,Policy,0.5,0.13,77.77,1,735.6666666666666,0.0,True,-0.262512
2024-12-18 03:03:32.960967,14.25,77.79,1,0,Policy,0.5,5.41,82.79,1,696.0,0.0,True,-0.251505
2024-12-18 03:04:45.454603,18.1,75.13,1,0,Random,0.5,18.1,75.13,1,689.1666666666666,0.0,True,-0.249583
2024-12-18 03:05:57.834133,58.09,76.31,1,0,Random,0.5,58.09,76.31,1,721.5,0.0,True,-0.25861
2024-12-18 03:07:50.380401,35.25,82.75,1,1,Policy,0.5,33.7,73.02,2,953.5,0.0,True,-0.6488
2024-12-18 03:09:06.029847,7.58,97.92,2,-1,Policy,0.5,0.13,79.99,1,672.5,0.0,True,-0.244862
2024-12-18 03:10:34.945773,6.43,79.73,1,1,Policy,0.5,46.55,74.24,2,769.0,0.0,True,-0.601568
2024-12-18 03:11:50.655030,3.08,87.78,2,-1,Random,0.5,0.12,74.29,1,656.5,0.0,True,-0.240286
2024-12-18 03:13:03.017861,26.99,79.42,1,0,Policy,0.5,6.1,78.3,1,719.5,0.0,True,-0.258056
2024-12-18 03:15:04.747122,36.52,78.11,1,1,Policy,0.5,0.13,72.3,2,887.0,0.0,True,-0.632311
2024-12-18 03:16:17.963948,7.31,95.84,2,0,Policy,0.5,7.31,95.84,2,966.8333333333334,0.0,True,-0.652039
2024-12-18 03:17:33.504821,19.67,96.52,2,-1,Random,0.5,0.13,85.38,1,658.3333333333334,0.0,True,-0.240812
2024-12-18 03:18:45.918290,24.65,78.98,1,0,Random,0.5,24.65,78.98,1,735.6666666666666,0.0,True,-0.262512
2024-12-18 03:20:04.730676,5.89,75.37,1,0,Policy,0.5,5.89,75.37,1,695.6666666666666,0.0,True,-0.251411
2024-12-18 03:22:05.009692,7.65,78.72,1,1,Policy,0.5,30.87,90.02,2,1182.3333333333333,0.0,True,-0.701538
2024-12-18 03:23:20.422359,2.18,94.18,2,-1,Random,0.5,0.12,81.3,1,764.5,0.0,True,-0.270356
2024-12-18 03:25:19.808365,19.81,80.96,1,1,Policy,0.5,0.13,73.28,2,800.3333333333334,0.0,True,-0.609927
2024-12-18 03:26:35.397865,14.96,94.92,2,-1,Random,0.5,0.13,81.26,1,743.0,0.0,True,-0.264519
2024-12-18 03:27:49.817099,41.02,80.67,1,0,Policy,0.5,33.91,83.99,1,688.1666666666666,0.0,True,-0.249301
2024-12-18 03:29:06.599099,37.95,79.11,1,0,Random,0.5,37.95,79.11,1,656.1666666666666,0.0,True,-0.24019
2024-12-18 03:31:05.056302,4.83,85.59,1,1,Policy,0.5,44.18,95.21,2,756.8333333333334,0.0,True,-0.598283
2024-12-18 03:32:20.606450,5.22,93.66,2,-1,Random,0.5,2.85,79.84,1,791.3333333333334,0.0,True,-0.277541
2024-12-18 03:34:04.391235,6.31,83.43,1,1,Policy,0.5,14.55,71.34,2,824.8333333333334,0.0,True,-0.616362
2024-12-18 03:35:19.991676,5.7,90.66,2,-1,Random,0.5,5.37,81.27,1,809.0,0.0,True,-0.282213
2024-12-18 03:36:49.578238,38.34,82.96,1,1,Policy,0.5,17.9,74.53,2,901.5,0.0,True,-0.635956
2024-12-18 03:38:05.102109,23.12,89.66,2,-1,Random,0.5,32.57,82.98,1,668.5,0.0,True,-0.243722
2024-12-18 03:39:17.763956,10.54,82.94,1,0,Random,0.5,23.09,81.1,1,811.5,0.0,True,-0.282871
2024-12-18 03:41:04.817037,6.36,81.38,1,1,Policy,0.5,28.29,73.46,2,771.6666666666666,0.0,True,-0.602285
2024-12-18 03:42:20.578363,3.52,91.76,2,-1,Random,0.5,6.15,77.72,1,749.6666666666666,0.0,True,-0.266336
2024-12-18 03:43:49.803552,6.21,79.94,1,1,Policy,0.5,16.97,73.13,2,862.1666666666666,0.0,True,-0.626004
2024-12-18 03:45:05.560067,13.28,94.2,2,-1,Random,0.5,0.13,80.54,1,688.5,0.0,True,-0.249395
2024-12-18 03:46:18.070626,30.87,75.17,1,0,Policy,0.5,20.65,80.32,1,648.0,0.0,True,-0.237836
2024-12-18 03:47:30.455329,28.44,79.45,1,0,Random,0.5,28.44,79.45,1,681.0,0.0,True,-0.247276
2024-12-18 03:48:49.460272,7.06,80.82,1,0,Policy,0.5,8.86,79.81,1,736.5,0.0,True,-0.26274
2024-12-18 03:50:14.858154,6.52,83.04,1,0,Policy,0.5,6.52,83.04,1,707.6666666666666,0.0,True,-0.254769
2024-12-18 03:51:27.249686,9.94,84.7,1,0,Policy,0.5,9.94,84.7,1,843.8333333333334,0.0,True,-0.291294
2024-12-18 03:53:19.502074,38.84,76.03,1,1,Policy,0.5,0.13,73.52,2,861.1666666666666,0.0,True,-0.625748
2024-12-18 03:54:35.055260,13.57,88.3,2,-1,Random,0.5,0.12,78.6,1,684.0,0.0,True,-0.248124
2024-12-18 03:56:04.555679,37.39,79.67,1,1,Policy,0.5,19.4,74.4,2,788.3333333333334,0.0,True,-0.606743
2024-12-18 03:57:34.997548,29.46,92.93,2,1,Policy,0.5,12.81,85.51,3,1678.3333333333333,0.0,True,-0.992078
2024-12-18 04:00:00.580376,8.62,107.04,3,1,Policy,0.5,0.13,91.18,4,8823.166666666666,0.0,True,-1.747742
2024-12-18 04:01:17.359905,14.32,107.15,4,0,Policy,0.5,14.32,107.15,4,4701.166666666667,0.0,True,-1.488715
2024-12-18 04:02:34.110061,11.09,102.24,4,-1,Random,0.5,2.15,100.07,3,842.8333333333334,0.0,True,-0.814073
2024-12-18 04:03:50.174361,9.14,96.74,3,-1,Random,0.5,0.16,91.18,2,809.5,0.0,True,-0.612345
2024-12-18 04:05:49.400688,3.2,90.53,2,1,Policy,0.5,0.98,81.97,3,2210.6666666666665,0.0,True,-1.078386
2024-12-18 04:07:05.790181,38.67,98.51,3,-1,Policy,0.5,0.14,77.02,2,732.1666666666666,0.0,True,-0.591551
2024-12-18 04:09:04.088027,2.4,86.22,2,1,Policy,0.5,0.14,81.37,3,1299.1666666666667,0.0,True,-0.919404
2024-12-18 04:10:16.765341,19.67,98.65,3,0,Policy,0.5,19.67,98.65,3,856.6666666666666,0.0,True,-0.817634
2024-12-18 04:11:32.444489,10.42,97.1,3,-1,Random,0.5,2.54,90.7,2,678.8333333333334,0.0,True,-0.576661
2024-12-18 04:13:04.630782,5.37,91.46,2,1,Policy,0.5,28.05,87.04,3,2142.5,0.0,True,-1.068169
2024-12-18 04:14:20.319696,8.07,93.66,3,-1,Random,0.5,23.46,89.74,2,678.8333333333334,0.0,True,-0.576661
2024-12-18 04:15:32.914225,28.26,92.45,2,0,Policy,0.5,13.98,88.56,2,734.1666666666666,0.0,True,-0.5921
2024-12-18 04:16:48.529462,27.32,90.48,2,-1,Random,0.5,4.38,75.99,1,784.1666666666666,0.0,True,-0.275633
2024-12-18 04:18:01.199612,26.55,82.93,1,0,Policy,0.5,26.55,82.93,1,733.1666666666666,0.0,True,-0.261825
2024-12-18 04:20:04.500585,28.7,73.54,1,1,Policy,0.5,1.79,71.3,2,931.5,0.0,True,-0.643408
2024-12-18 04:21:20.304638,23.86,93.27,2,-1,Random,0.5,5.28,80.48,1,759.1666666666666,0.0,True,-0.268914
2024-12-18 04:23:04.724386,4.13,83.62,1,1,Policy,0.5,50.59,72.64,2,817.0,0.0,True,-0.614314
2024-12-18 04:24:20.397408,12.22,91.72,2,-1,Random,0.5,19.54,78.45,1,721.1666666666666,0.0,True,-0.258518
2024-12-18 04:25:35.185089,37.01,78.63,1,0,Random,0.5,37.01,78.63,1,647.0,0.0,True,-0.237547
2024-12-18 04:26:47.591279,45.47,79.41,1,0,Random,0.5,45.47,79.41,1,688.5,0.0,True,-0.249395
2024-12-18 04:28:00.256802,43.08,107.45,1,0,Policy,0.5,43.08,107.45,1,711.0,0.0,True,-0.255697
2024-12-18 04:29:12.894354,9.21,75.67,1,0,Policy,0.5,9.21,75.67,1,687.6666666666666,0.0,True,-0.24916
2024-12-18 04:30:25.399358,6.32,73.52,1,0,Random,0.5,6.32,73.52,1,697.5,0.0,True,-0.251926
2024-12-18 04:32:19.638016,12.62,120.43,1,1,Policy,0.5,0.14,72.28,2,1053.8333333333333,0.0,True,-0.672645
2024-12-18 04:34:20.010575,14.8,95.58,2,1,Policy,0.5,31.27,82.12,3,1888.8333333333333,0.0,True,-1.028098
2024-12-18 04:36:21.629578,23.96,91.73,3,1,Policy,0.5,17.65,80.42,4,9286.5,0.0,True,-1.769684
2024-12-18 04:37:35.820017,3.45,90.02,4,0,Policy,0.5,3.45,90.02,4,1189.3333333333333,0.0,True,-1.033062
2024-12-18 04:38:52.860746,3.86,102.04,4,-1,Random,0.5,13.27,101.62,3,892.1666666666666,0.0,True,-0.826651
2024-12-18 04:40:08.852582,19.21,104.46,3,-1,Random,0.5,28.74,105.04,2,863.6666666666666,0.0,True,-0.626387
2024-12-18 04:41:24.957607,29.14,104.26,2,-1,Policy,0.5,52.58,106.05,1,735.5,0.0,True,-0.262466
2024-12-18 04:43:33.936411,24.59,105.12,1,1,Policy,0.5,0.14,86.43,2,921.1666666666666,0.0,True,-0.640854
2024-12-18 04:45:48.968291,16.34,113.58,2,1,Policy,0.5,0.15,100.47,3,2304.0,0.0,True,-1.092028
2024-12-18 04:47:01.889174,14.5,108.68,3,0,Policy,0.5,2.89,108.73,3,889.6666666666666,0.0,True,-0.826021
2024-12-18 04:48:17.821659,3.96,109.72,3,-1,Random,0.5,2.82,109.78,2,707.8333333333334,0.0,True,-0.584815
2024-12-18 04:50:18.741219,4.83,107.6,2,1,Policy,0.5,0.14,94.8,3,874.0,0.0,True,-0.822058
2024-12-18 04:51:34.503097,3.64,91.01,3,-1,Random,0.5,3.46,105.64,2,866.0,0.0,True,-0.626983
2024-12-18 04:52:51.428887,4.66,101.45,2,-1,Random,0.5,0.13,105.08,1,791.6666666666666,0.0,True,-0.27763
2024-12-18 04:54:06.210057,43.07,109.24,1,0,Policy,0.5,43.07,109.24,1,753.8333333333334,0.0,True,-0.267469
2024-12-18 04:55:18.694329,71.22,106.18,1,0,Random,0.5,71.22,106.18,1,709.6666666666666,0.0,True,-0.255326
2024-12-18 04:57:18.817230,25.71,106.53,1,1,Policy,0.5,25.71,103.83,2,892.8333333333334,0.0,True,-0.633781
2024-12-18 04:59:18.770171,6.28,105.19,2,1,Policy,0.5,0.14,89.73,3,1383.6666666666667,0.0,True,-0.936588
2024-12-18 05:00:35.193313,3.18,109.22,3,-1,Random,0.5,5.42,105.08,2,903.1666666666666,0.0,True,-0.636373
2024-12-18 05:01:47.971214,4.51,96.48,2,0,Policy,0.5,19.93,96.64,2,827.3333333333334,0.0,True,-0.617014
2024-12-18 05:03:03.465137,36.06,104.35,2,-1,Policy,0.5,0.13,102.58,1,679.8333333333334,0.0,True,-0.246945
2024-12-18 05:05:19.010061,31.55,110.85,1,1,Policy,0.5,55.88,107.54,2,864.0,0.0,True,-0.626473
2024-12-18 05:06:34.572608,30.2,108.22,2,-1,Random,0.5,8.13,108.77,1,768.5,0.0,True,-0.271434
2024-12-18 05:07:47.061480,34.02,100.64,1,0,Policy,0.5,35.1,103.11,1,813.5,0.0,True,-0.283396
2024-12-18 05:09:33.678468,8.12,104.07,1,1,Policy,0.5,15.9,86.0,2,802.5,0.0,True,-0.6105
2024-12-18 05:10:49.352222,17.4,101.96,2,-1,Policy,0.5,0.14,101.66,1,808.1666666666666,0.0,True,-0.281994
2024-12-18 05:12:33.330996,41.65,109.29,1,1,Policy,0.5,27.65,89.1,2,848.8333333333334,0.0,True,-0.622583
2024-12-18 05:14:03.622445,5.72,106.4,2,1,Policy,0.5,24.12,92.53,3,829.1666666666666,0.0,True,-0.810529
2024-12-18 05:15:18.958266,22.13,106.26,3,-1,Random,0.5,15.84,106.06,2,835.1666666666666,0.0,True,-0.619051
2024-12-18 05:16:34.516377,16.74,129.1,2,-1,Policy,0.5,10.81,103.25,1,762.3333333333334,0.0,True,-0.269771
2024-12-18 05:18:03.989514,44.26,102.03,1,1,Policy,0.5,16.68,83.53,2,1095.0,0.0,True,-0.682094
2024-12-18 05:19:19.723960,3.37,104.9,2,-1,Random,0.5,9.12,104.2,1,723.0,0.0,True,-0.259024
2024-12-18 05:20:34.625728,30.24,104.47,1,0,Policy,0.5,30.24,104.47,1,735.5,0.0,True,-0.262466
2024-12-18 05:22:02.291042,37.53,101.92,1,0,Policy,0.5,0.13,101.92,1,804.6666666666666,0.0,True,-0.281072
2024-12-18 05:23:48.615634,7.11,105.25,1,1,Policy,0.5,37.18,85.8,2,825.1666666666666,0.0,True,-0.616449
2024-12-18 05:25:04.206812,22.19,131.45,2,-1,Random,0.5,5.5,114.73,1,691.1666666666666,0.0,True,-0.250146
2024-12-18 05:27:03.735654,29.62,103.47,1,1,Policy,0.5,58.8,111.77,2,878.6666666666666,0.0,True,-0.630204
2024-12-18 05:28:19.204055,5.88,105.04,2,-1,Random,0.5,0.15,103.47,1,889.6666666666666,0.0,True,-0.302983
2024-12-18 05:30:18.324652,28.02,110.03,1,1,Policy,0.5,46.54,117.76,2,779.0,0.0,True,-0.604252
2024-12-18 05:31:33.380854,8.41,110.5,2,-1,Random,0.5,62.56,105.03,1,782.0,0.0,True,-0.275054
2024-12-18 05:32:47.970322,44.34,107.02,1,0,Policy,0.5,59.43,111.93,1,801.1666666666666,0.0,True,-0.280147
2024-12-18 05:34:18.485136,50.53,105.78,1,1,Policy,0.5,20.17,123.37,2,844.5,0.0,True,-0.621466
2024-12-18 05:35:34.295310,6.02,107.61,2,-1,Policy,0.5,0.13,104.61,1,797.6666666666666,0.0,True,-0.279221
2024-12-18 05:37:33.604283,36.96,109.69,1,1,Policy,0.5,0.14,91.16,2,868.1666666666666,0.0,True,-0.627536
2024-12-18 05:39:05.223083,6.71,122.54,2,1,Policy,0.5,51.03,94.86,3,2226.6666666666665,0.0,True,-1.080752
2024-12-18 05:40:20.479776,15.54,116.86,3,-1,Random,0.5,28.44,109.85,2,964.6666666666666,0.0,True,-0.651514
2024-12-18 05:41:32.781268,9.03,108.02,2,0,Policy,0.5,24.7,105.04,2,897.0,0.0,True,-0.634827
2024-12-18 05:42:48.280339,31.05,107.1,2,-1,Random,0.5,0.14,97.47,1,704.6666666666666,0.0,True,-0.253932
2024-12-18 05:44:02.845199,10.78,106.53,1,0,Policy,0.5,10.78,106.53,1,732.5,0.0,True,-0.261642
2024-12-18 05:45:17.884314,9.41,107.8,1,0,Policy,0.5,17.31,99.59,1,804.6666666666666,0.0,True,-0.281072
2024-12-18 05:46:36.930028,54.54,105.58,1,0,Policy,0.5,54.54,105.58,1,736.5,0.0,True,-0.26274
2024-12-18 05:48:08.761955,16.26,113.67,1,0,Policy,0.5,16.26,113.67,1,817.1666666666666,0.0,True,-0.284358
2024-12-18 05:49:48.401742,8.01,104.65,1,1,Policy,0.5,57.7,91.86,2,875.0,0.0,True,-0.629274
2024-12-18 05:51:48.958983,19.45,107.46,2,1,Policy,0.5,12.36,94.82,3,866.1666666666666,0.0,True,-0.820063
2024-12-18 05:53:04.852470,9.12,110.25,3,-1,Random,0.5,24.8,110.21,2,769.6666666666666,0.0,True,-0.601748
2024-12-18 05:54:20.246173,25.94,110.38,2,-1,Random,0.5,10.66,105.99,1,850.1666666666666,0.0,True,-0.292926
2024-12-18 05:56:18.974198,22.89,106.15,1,1,Policy,0.5,22.02,88.36,2,861.3333333333334,0.0,True,-0.625791
2024-12-18 05:57:48.844596,12.44,105.55,2,1,Policy,0.5,36.62,94.73,3,1648.3333333333333,0.0,True,-0.986716
2024-12-18 05:59:01.718629,2.41,98.14,3,0,Policy,0.5,26.09,98.78,3,881.3333333333334,0.0,True,-0.823917
2024-12-18 06:00:13.752994,20.3,116.58,3,0,Policy,0.5,20.3,116.58,3,966.3333333333334,0.0,True,-0.844955
2024-12-18 06:01:29.528205,26.68,107.45,3,-1,Random,0.5,33.19,107.4,2,768.6666666666666,0.0,True,-0.601479
2024-12-18 06:03:18.636252,20.62,104.24,2,1,Policy,0.5,16.82,91.85,3,1335.1666666666667,0.0,True,-0.926801
2024-12-18 06:04:34.407873,8.45,102.38,3,-1,Random,0.5,25.57,98.63,2,868.0,0.0,True,-0.627493
2024-12-18 06:05:50.303516,28.18,102.5,2,-1,Random,0.5,0.12,105.56,1,755.0,0.0,True,-0.267785
2024-12-18 06:07:07.199768,28.17,109.63,1,0,Policy,0.5,28.17,109.63,1,707.0,0.0,True,-0.254583
2024-12-18 06:08:24.106132,14.21,106.31,1,0,Policy,0.5,14.21,106.31,1,693.5,0.0,True,-0.250803
2024-12-18 06:10:18.212313,9.38,106.59,1,1,Policy,0.5,0.14,88.98,2,788.0,0.0,True,-0.606654
2024-12-18 06:11:33.890799,16.63,119.66,2,-1,Random,0.5,2.5,101.58,1,771.0,0.0,True,-0.272106
2024-12-18 06:13:04.075174,8.48,108.58,1,1,Policy,0.5,56.16,87.42,2,936.8333333333334,0.0,True,-0.644721
2024-12-18 06:15:03.344632,24.76,96.46,2,1,Policy,0.5,6.03,100.84,3,2701.8333333333335,0.0,True,-1.146157
2024-12-18 06:16:19.721552,10.37,111.81,3,-1,Random,0.5,7.74,112.74,2,774.1666666666666,0.0,True,-0.602957
2024-12-18 06:17:32.625547,5.18,110.22,2,0,Policy,0.5,7.91,106.51,2,837.1666666666666,0.0,True,-0.619569
2024-12-18 06:19:00.022176,5.62,100.28,2,1,Policy,0.5,45.25,106.14,3,2017.3333333333333,0.0,True,-1.048818
2024-12-18 06:21:15.021880,15.12,95.49,3,1,Policy,0.5,9.25,78.73,4,13527.666666666666,0.0,True,-1.934041
2024-12-18 06:22:27.967841,51.39,87.86,2,0,Random,0.5,102.62,108.33,1,1146.6666666666667,0.0,True,-0.363692
2024-12-18 06:23:43.655577,23.16,106.59,2,-1,Random,0.5,30.25,101.79,1,836.8333333333334,0.0,True,-0.289483
2024-12-18 06:24:56.078057,8.69,102.69,1,0,Random,0.5,8.69,102.69,1,809.3333333333334,0.0,True,-0.282301
2024-12-18 06:26:48.344784,24.12,104.75,1,1,Policy,0.5,36.31,103.16,2,881.0,0.0,True,-0.630795
2024-12-18 06:28:03.760996,42.41,122.59,2,-1,Policy,0.5,23.39,105.73,1,828.0,0.0,True,-0.287188
2024-12-18 06:29:16.243608,38.51,104.64,1,0,Policy,0.5,18.3,105.22,1,743.3333333333334,0.0,True,-0.26461
2024-12-18 06:30:30.847364,38.58,101.88,1,0,Random,0.5,38.58,101.88,1,747.3333333333334,0.0,True,-0.265701
2024-12-18 06:31:43.447267,6.67,104.97,1,0,Policy,0.5,6.67,104.97,1,851.6666666666666,0.0,True,-0.293312
2024-12-18 06:33:18.053653,12.97,105.55,1,1,Policy,0.5,71.76,87.32,2,882.5,0.0,True,-0.631174
2024-12-18 06:35:20.490946,29.27,105.66,2,1,Policy,0.5,33.67,110.78,3,1359.8333333333333,0.0,True,-0.931804
2024-12-18 06:36:36.038706,1.18,109.75,3,-1,Random,0.5,11.64,107.94,2,817.5,0.0,True,-0.614445
2024-12-18 06:38:18.604477,19.04,110.17,2,1,Policy,0.5,9.27,94.16,3,1202.8333333333333,0.0,True,-0.899027
2024-12-18 06:39:48.974651,2.33,107.16,3,1,Policy,0.5,27.75,103.3,4,1320.3333333333333,0.0,True,-1.06073
2024-12-18 06:41:05.778449,8.79,108.24,4,-1,Random,0.5,2.14,109.25,3,805.8333333333334,0.0,True,-0.804417
2024-12-18 06:42:55.121308,3.56,105.64,3,1,Random,0.5,8.39,96.28,4,5660.666666666667,0.0,True,-1.56277
2024-12-18 06:45:04.489579,3.38,92.56,4,1,Policy,0.5,4.17,93.64,5,2506.6666666666665,0.0,True,-1.363569
2024-12-18 06:46:20.687790,4.89,91.66,5,-1,Random,0.5,8.17,87.13,4,917.3333333333334,0.0,True,-0.969903
2024-12-18 06:47:36.690405,2.84,92.36,4,-1,Random,0.5,8.68,87.85,3,766.5,0.0,True,-0.793933
2024-12-18 06:48:49.416077,17.45,76.63,3,0,Random,0.5,17.45,76.63,3,716.1666666666666,0.0,True,-0.78017
2024-12-18 06:50:05.574833,7.88,99.43,3,-1,Random,0.5,10.85,84.2,2,764.6666666666666,0.0,True,-0.600401
2024-12-18 06:51:17.751456,15.07,82.74,2,0,Random,0.5,25.82,86.52,2,744.3333333333334,0.0,True,-0.594883
2024-12-18 06:52:35.057383,15.58,97.9,2,-1,Random,0.5,0.14,81.57,1,659.0,0.0,True,-0.241004
2024-12-18 06:53:47.738414,17.91,73.24,1,0,Random,0.5,17.91,73.24,1,770.8333333333334,0.0,True,-0.272061
2024-12-18 06:55:13.689461,6.97,80.69,1,0,Policy,0.5,6.97,80.69,1,719.1666666666666,0.0,True,-0.257964
2024-12-18 06:56:48.352652,15.76,85.38,1,1,Policy,0.5,47.84,96.84,2,781.6666666666666,0.0,True,-0.604965
2024-12-18 06:58:18.583362,24.78,86.64,2,1,Policy,0.5,11.37,85.45,3,811.0,0.0,True,-0.805777
2024-12-18 07:00:34.188755,3.86,89.45,3,1,Random,0.5,0.13,81.47,4,1935.8333333333333,0.0,True,-1.172744
2024-12-18 07:01:50.664326,1.8,93.8,4,-1,Random,0.5,1.78,88.15,3,859.5,0.0,True,-0.818359
2024-12-18 07:03:03.063990,2.7,97.32,3,0,Policy,0.5,2.7,97.32,3,832.1666666666666,0.0,True,-0.811309
2024-12-18 07:04:18.699692,2.32,100.17,3,-1,Random,0.5,8.6,99.08,2,716.5,0.0,True,-0.587225
2024-12-18 07:05:31.124103,19.71,116.28,2,0,Policy,0.5,30.42,96.36,2,688.3333333333334,0.0,True,-0.579348
2024-12-18 07:06:46.545289,25.76,113.14,2,-1,Random,0.5,5.26,79.65,1,714.6666666666666,0.0,True,-0.256716
2024-12-18 07:07:59.007749,40.4,79.83,1,0,Random,0.5,40.4,79.83,1,738.0,0.0,True,-0.263151
2024-12-18 07:09:11.420076,38.74,83.04,1,0,Policy,0.5,38.74,83.04,1,707.6666666666666,0.0,True,-0.254769
2024-12-18 07:10:23.918148,39.73,79.1,1,0,Random,0.5,39.73,79.1,1,663.0,0.0,True,-0.24215
2024-12-18 07:11:36.795606,12.52,83.03,1,0,Random,0.5,12.52,83.03,1,655.8333333333334,0.0,True,-0.240094
2024-12-18 07:13:32.977211,11.53,83.01,1,1,Policy,0.5,16.64,74.14,2,873.1666666666666,0.0,True,-0.628808
2024-12-18 07:14:45.698678,33.38,91.83,2,0,Policy,0.5,33.38,91.83,2,883.6666666666666,0.0,True,-0.631469
2024-12-18 07:15:58.320700,4.78,93.19,2,0,Policy,0.5,4.78,93.19,2,847.6666666666666,0.0,True,-0.622282
2024-12-18 07:17:13.812863,5.9,90.04,2,-1,Policy,0.5,6.29,76.85,1,694.6666666666666,0.0,True,-0.251131
2024-12-18 07:18:33.203866,20.22,84.02,1,0,Random,0.5,57.32,82.38,1,754.8333333333334,0.0,True,-0.26774
2024-12-18 07:20:18.372459,61.59,81.33,1,1,Policy,0.5,13.27,74.36,2,1011.3333333333334,0.0,True,-0.66269
2024-12-18 07:21:48.710713,7.4,92.12,2,1,Policy,0.5,22.43,93.64,3,994.3333333333334,0.0,True,-0.851687
2024-12-18 07:23:01.603229,19.83,96.81,3,0,Policy,0.5,22.1,100.08,3,892.5,0.0,True,-0.826734
2024-12-18 07:24:17.287978,21.85,96.84,3,-1,Random,0.5,8.47,96.93,2,780.5,0.0,True,-0.604653
2024-12-18 07:25:29.960643,16.74,94.11,2,0,Random,0.5,16.74,94.11,2,770.8333333333334,0.0,True,-0.602061
2024-12-18 07:26:42.448596,23.9,92.03,2,0,Policy,0.5,23.9,92.03,2,754.5,0.0,True,-0.59765
2024-12-18 07:27:59.061613,4.42,92.35,2,-1,Policy,0.5,5.46,78.41,1,665.3333333333334,0.0,True,-0.242818
2024-12-18 07:29:48.082104,21.43,126.18,1,1,Policy,0.5,19.04,76.34,2,864.1666666666666,0.0,True,-0.626515
2024-12-18 07:31:00.746872,38.69,89.24,2,0,Policy,0.5,38.69,89.24,2,841.1666666666666,0.0,True,-0.620605
2024-12-18 07:32:16.645083,3.01,99.36,2,-1,Random,0.5,5.12,80.13,1,670.1666666666666,0.0,True,-0.244197
2024-12-18 07:34:18.346739,7.54,83.11,1,1,Policy,0.5,0.13,74.6,2,865.0,0.0,True,-0.626728
2024-12-18 07:35:34.044718,2.71,91.11,2,-1,Policy,0.5,0.14,80.61,1,686.0,0.0,True,-0.248689
2024-12-18 07:36:48.656195,20.93,129.3,1,0,Policy,0.5,20.93,129.3,1,669.8333333333334,0.0,True,-0.244102
2024-12-18 07:38:01.165657,18.49,76.98,1,0,Random,0.5,43.04,79.45,1,659.3333333333334,0.0,True,-0.241099
2024-12-18 07:39:16.047428,58.11,81.58,1,0,Random,0.5,58.11,81.58,1,716.5,0.0,True,-0.257225
2024-12-18 07:40:28.519989,39.85,88.61,1,0,Random,0.5,39.85,88.61,1,655.3333333333334,0.0,True,-0.23995
2024-12-18 07:41:41.023778,20.78,78.14,1,0,Random,0.5,20.78,78.14,1,786.0,0.0,True,-0.276122
2024-12-18 07:43:18.039204,21.37,78.67,1,1,Policy,0.5,19.38,73.02,2,826.0,0.0,True,-0.616667
2024-12-18 07:44:34.457045,0.12,96.6,2,-1,Policy,0.5,34.73,80.9,1,886.1666666666666,0.0,True,-0.302101
2024-12-18 07:46:33.345431,33.48,79.02,1,1,Policy,0.5,0.14,72.2,2,877.1666666666666,0.0,True,-0.629824
2024-12-18 07:47:49.004682,7.06,92.46,2,-1,Policy,0.5,0.12,78.85,1,677.8333333333334,0.0,True,-0.246378
2024-12-18 07:49:48.022821,7.18,78.89,1,1,Policy,0.5,0.13,75.83,2,874.3333333333334,0.0,True,-0.629105
2024-12-18 07:51:03.719342,8.32,96.58,2,-1,Random,0.5,3.25,86.39,1,681.6666666666666,0.0,True,-0.247464
2024-12-18 07:52:16.295877,9.17,78.34,1,0,Random,0.5,34.0,78.7,1,667.0,0.0,True,-0.243294
2024-12-18 07:53:29.010439,32.1,91.49,1,0,Random,0.5,32.1,91.49,1,822.8333333333334,0.0,True,-0.28584
2024-12-18 07:54:41.825337,45.16,79.05,1,0,Policy,0.5,45.16,79.05,1,763.1666666666666,0.0,True,-0.269996
2024-12-18 07:55:58.894002,48.75,79.14,1,0,Random,0.5,48.75,79.14,1,754.1666666666666,0.0,True,-0.267559
2024-12-18 07:57:11.212684,42.69,83.02,1,0,Random,0.5,42.69,83.02,1,787.6666666666666,0.0,True,-0.276566
2024-12-18 07:58:23.615568,7.99,81.65,1,0,Policy,0.5,7.99,81.65,1,701.1666666666666,0.0,True,-0.252953
2024-12-18 08:00:48.238652,4.99,79.4,1,1,Policy,0.5,0.13,73.9,2,885.0,0.0,True,-0.631806
2024-12-18 08:02:04.202483,4.13,96.54,2,-1,Random,0.5,3.01,85.34,1,746.0,0.0,True,-0.265338
2024-12-18 08:03:17.213857,22.92,84.25,1,0,Random,0.5,45.89,83.87,1,769.1666666666666,0.0,True,-0.271613
2024-12-18 08:04:47.289122,23.9,77.02,1,1,Policy,0.5,25.25,75.06,2,980.0,0.0,True,-0.655215
2024-12-18 08:06:02.983586,2.57,93.78,2,-1,Random,0.5,25.39,81.82,1,813.0,0.0,True,-0.283265
2024-12-18 08:07:22.097489,4.24,79.55,1,0,Policy,0.5,4.24,79.55,1,754.0,0.0,True,-0.267514
2024-12-18 08:08:34.670873,29.18,84.6,1,0,Random,0.5,29.18,84.6,1,694.8333333333334,0.0,True,-0.251177
2024-12-18 08:09:55.615859,19.96,83.75,1,0,Random,0.5,19.96,83.75,1,2019.3333333333333,0.0,True,-0.526096
2024-12-18 08:16:59.620899,37.53,83.24,1,0,Policy,0.5,37.53,83.24,1,1794.3333333333333,0.0,True,-0.489226
2024-12-18 08:18:12.430513,34.1,84.68,1,0,Random,0.5,34.1,84.68,1,758.8333333333334,0.0,True,-0.268824
2024-12-18 08:19:48.214180,39.84,79.92,1,1,Policy,0.5,78.3,90.49,2,897.6666666666666,0.0,True,-0.634995
2024-12-18 08:21:20.017598,21.64,85.3,2,1,Policy,0.5,31.38,77.08,3,1713.0,0.0,True,-0.998201
2024-12-18 08:22:33.895114,22.06,84.55,3,0,Policy,0.5,5.51,95.9,3,935.3333333333334,0.0,True,-0.83739
2024-12-18 08:23:50.010604,29.62,93.9,3,-1,Random,0.5,0.12,86.9,2,856.0,0.0,True,-0.624425
2024-12-18 08:25:49.801864,46.12,95.36,2,1,Policy,0.5,38.66,88.3,3,1532.0,0.0,True,-0.965329
2024-12-18 08:27:03.275367,20.46,85.7,3,0,Policy,0.5,4.79,95.15,3,1861.0,0.0,True,-1.023489
2024-12-18 08:28:19.812657,2.03,94.04,3,-1,Random,0.5,5.06,88.4,2,847.3333333333334,0.0,True,-0.622197
2024-12-18 08:30:18.325526,32.94,94.86,2,1,Policy,0.5,34.77,87.29,3,1065.6666666666667,0.0,True,-0.868418
2024-12-18 08:31:35.290133,24.97,100.48,3,-1,Random,0.5,4.08,92.54,2,998.1666666666666,0.0,True,-0.659563
2024-12-18 08:32:51.154322,6.28,95.55,2,-1,Random,0.5,0.14,87.44,1,863.5,0.0,True,-0.296345
2024-12-18 08:34:03.573229,14.11,84.08,1,0,Random,0.5,14.11,84.08,1,851.6666666666666,0.0,True,-0.293312
2024-12-18 08:35:16.041756,6.92,81.38,1,0,Random,0.5,29.78,83.96,1,764.5,0.0,True,-0.270356
2024-12-18 08:36:28.433166,47.15,78.92,1,0,Random,0.5,47.15,78.92,1,702.5,0.0,True,-0.253326
2024-12-18 08:37:41.630294,9.66,83.78,1,0,Policy,0.5,9.66,83.78,1,783.8333333333334,0.0,True,-0.275544
2024-12-18 08:39:33.224762,56.07,83.38,1,1,Policy,0.5,58.54,116.04,2,887.5,0.0,True,-0.632437
2024-12-18 08:40:48.902691,39.0,105.68,2,-1,Random,0.5,0.12,79.89,1,786.8333333333334,0.0,True,-0.276344
2024-12-18 08:42:01.193018,25.51,81.92,1,0,Random,0.5,25.47,84.13,1,789.6666666666666,0.0,True,-0.277098
2024-12-18 08:43:13.691840,44.39,80.47,1,0,Random,0.5,44.39,80.47,1,827.3333333333334,0.0,True,-0.287014
2024-12-18 08:44:26.427972,8.44,77.72,1,0,Random,0.5,8.44,77.72,1,679.6666666666666,0.0,True,-0.246898
2024-12-18 08:45:38.424422,28.5,119.09,1,0,Policy,0.5,28.5,119.09,1,760.5,0.0,True,-0.269275
2024-12-18 08:46:50.324996,20.1,81.94,1,0,Random,0.5,20.1,81.94,1,878.6666666666666,0.0,True,-0.300204
2024-12-18 08:48:02.422007,10.19,73.98,1,0,Random,0.5,57.58,84.65,1,705.5,0.0,True,-0.254164
2024-12-18 08:49:15.016051,36.03,80.24,1,0,Random,0.5,36.03,80.24,1,772.5,0.0,True,-0.272509
2024-12-18 08:50:27.633973,11.08,84.17,1,0,Random,0.5,11.08,84.17,1,689.3333333333334,0.0,True,-0.24963
2024-12-18 08:51:40.426966,43.14,80.12,1,0,Random,0.5,43.14,80.12,1,773.3333333333334,0.0,True,-0.272733
2024-12-18 08:53:17.812597,35.12,78.5,1,1,Policy,0.5,50.75,75.66,2,1085.5,0.0,True,-0.67993
2024-12-18 08:54:30.536833,18.2,97.51,2,0,Policy,0.5,18.2,97.51,2,799.1666666666666,0.0,True,-0.609619
2024-12-18 08:55:42.894515,16.26,95.92,2,0,Random,0.5,16.26,95.92,2,830.5,0.0,True,-0.617838
2024-12-18 08:56:58.785853,21.43,95.1,2,-1,Policy,0.5,3.71,77.42,1,704.1666666666666,0.0,True,-0.253792
2024-12-18 08:58:10.905611,26.34,81.39,1,0,Random,0.5,26.34,81.39,1,834.1666666666666,0.0,True,-0.288791
2024-12-18 08:59:23.502640,35.79,84.92,1,0,Random,0.5,35.79,84.92,1,838.0,0.0,True,-0.289785
2024-12-18 09:00:35.998311,24.28,86.31,1,0,Random,0.5,24.28,86.31,1,720.3333333333334,0.0,True,-0.258287
2024-12-18 09:01:48.605317,29.07,82.89,1,0,Random,0.5,29.07,82.89,1,715.8333333333334,0.0,True,-0.25704
2024-12-18 09:03:00.778331,8.56,84.63,1,0,Random,0.5,39.43,86.11,1,857.1666666666666,0.0,True,-0.294724
2024-12-18 09:04:48.117621,29.87,82.6,1,1,Policy,0.5,45.19,92.21,2,1023.3333333333334,0.0,True,-0.665522
2024-12-18 09:06:04.054146,21.49,116.96,2,-1,Random,0.5,4.59,85.35,1,827.3333333333334,0.0,True,-0.287014
2024-12-18 09:07:16.564384,59.83,82.55,1,0,Policy,0.5,31.15,81.39,1,863.8333333333334,0.0,True,-0.29643
2024-12-18 09:08:29.057660,32.37,78.66,1,0,Policy,0.5,32.37,78.66,1,678.1666666666666,0.0,True,-0.246472
2024-12-18 09:09:41.583956,19.25,79.4,1,0,Random,0.5,19.25,79.4,1,752.8333333333334,0.0,True,-0.267197
2024-12-18 09:10:53.486780,23.04,77.81,1,0,Policy,0.5,23.04,77.81,1,802.1666666666666,0.0,True,-0.280412
2024-12-18 09:12:06.056613,44.11,82.7,1,0,Policy,0.5,44.11,82.7,1,744.5,0.0,True,-0.264928
2024-12-18 09:13:18.481360,37.31,82.33,1,0,Policy,0.5,37.31,82.33,1,854.8333333333334,0.0,True,-0.294126
2024-12-18 09:15:33.637903,28.42,63.54,1,1,Policy,0.5,5.94,109.54,2,953.6666666666666,0.0,True,-0.648841
2024-12-18 09:16:49.554402,16.28,91.14,2,-1,Random,0.5,27.08,86.13,1,727.0,0.0,True,-0.260128
2024-12-18 09:18:01.524037,41.56,74.51,1,0,Random,0.5,37.52,86.14,1,876.8333333333334,0.0,True,-0.299739
2024-12-18 09:19:31.952506,47.29,85.04,1,1,Policy,0.5,30.57,75.78,2,1614.6666666666667,0.0,True,-0.787587
2024-12-18 09:20:47.734860,29.19,115.24,2,-1,Random,0.5,39.91,80.06,1,698.0,0.0,True,-0.252066
2024-12-18 09:22:00.436333,20.92,83.42,1,0,Policy,0.5,20.92,83.42,1,782.1666666666666,0.0,True,-0.275099
2024-12-18 09:23:12.946578,49.6,84.56,1,0,Policy,0.5,49.6,84.56,1,728.0,0.0,True,-0.260404
2024-12-18 09:24:25.038670,9.87,82.17,1,0,Random,0.5,9.87,82.17,1,781.3333333333334,0.0,True,-0.274876
2024-12-18 09:25:37.139299,32.64,78.39,1,0,Policy,0.5,32.64,78.39,1,854.0,0.0,True,-0.293912
2024-12-18 09:26:50.349418,34.63,103.73,1,0,Policy,0.5,34.63,103.73,1,749.1666666666666,0.0,True,-0.2662
2024-12-18 09:28:03.227603,12.99,86.95,1,0,Random,0.5,12.99,86.95,1,773.8333333333334,0.0,True,-0.272867
2024-12-18 09:29:15.825819,47.16,82.66,1,0,Random,0.5,44.09,85.88,1,790.8333333333334,0.0,True,-0.277408
2024-12-18 09:30:28.410850,20.35,81.02,1,0,Random,0.5,20.35,81.02,1,819.3333333333334,0.0,True,-0.284925
2024-12-18 09:31:40.888544,30.4,85.91,1,0,Policy,0.5,30.4,85.91,1,666.0,0.0,True,-0.243008
2024-12-18 09:32:53.198337,28.13,80.08,1,0,Policy,0.5,28.13,80.08,1,703.5,0.0,True,-0.253606
2024-12-18 09:34:05.173658,54.28,83.66,1,0,Random,0.5,54.28,83.66,1,760.8333333333334,0.0,True,-0.269365
2024-12-18 09:35:17.711465,40.63,82.5,1,0,Random,0.5,8.41,117.39,1,676.1666666666666,0.0,True,-0.245905
2024-12-18 09:37:17.986788,30.88,76.93,1,1,Policy,0.5,20.66,93.68,2,1188.3333333333333,0.0,True,-0.702845
2024-12-18 09:38:33.759877,20.86,97.44,2,-1,Random,0.5,50.22,79.6,1,832.8333333333334,0.0,True,-0.288445
2024-12-18 09:40:33.093295,23.61,85.5,1,1,Policy,0.5,3.2,74.17,2,921.6666666666666,0.0,True,-0.640978
2024-12-18 09:41:48.950736,17.98,115.46,2,-1,Random,0.5,71.26,75.19,1,721.8333333333334,0.0,True,-0.258702
2024-12-18 09:43:47.604724,43.26,82.19,1,1,Policy,0.5,0.14,75.22,2,1074.5,0.0,True,-0.677412
2024-12-18 09:45:03.422152,10.17,104.19,2,-1,Random,0.5,61.38,81.21,1,704.8333333333334,0.0,True,-0.253978
2024-12-18 09:46:16.447260,10.53,78.12,1,0,Random,0.5,8.09,80.79,1,757.3333333333334,0.0,True,-0.268418
2024-12-18 09:47:28.817649,35.7,84.54,1,0,Policy,0.5,35.7,84.54,1,727.1666666666666,0.0,True,-0.260174
2024-12-18 09:48:41.628326,56.16,83.17,1,0,Random,0.5,56.16,83.17,1,729.1666666666666,0.0,True,-0.260725
2024-12-18 09:49:54.125023,37.86,85.15,1,0,Random,0.5,37.86,85.15,1,667.5,0.0,True,-0.243437
2024-12-18 09:51:32.830199,50.31,81.29,1,1,Policy,0.5,49.62,74.44,2,1313.6666666666667,0.0,True,-0.72936
2024-12-18 09:53:33.651061,27.76,92.6,2,1,Policy,0.5,55.67,107.53,3,1538.0,0.0,True,-0.966456
2024-12-18 09:54:49.552025,24.08,112.73,3,-1,Random,0.5,0.4,95.19,2,962.5,0.0,True,-0.650989
2024-12-18 09:56:05.092045,22.13,109.07,2,-1,Random,0.5,5.75,77.44,1,701.3333333333334,0.0,True,-0.253
2024-12-18 09:57:17.484532,20.63,80.96,1,0,Policy,0.5,23.53,82.97,1,740.6666666666666,0.0,True,-0.263881
2024-12-18 09:58:29.669093,20.9,78.89,1,0,Policy,0.5,20.9,78.89,1,840.5,0.0,True,-0.290432
2024-12-18 09:59:42.379844,55.69,125.8,1,0,Policy,0.5,55.69,125.8,1,737.8333333333334,0.0,True,-0.263106
2024-12-18 10:00:55.034860,41.15,123.09,1,0,Policy,0.5,41.15,123.09,1,800.1666666666666,0.0,True,-0.279883
2024-12-18 10:02:07.547545,61.64,125.52,1,0,Policy,0.5,61.64,125.52,1,673.5,0.0,True,-0.245147
2024-12-18 10:03:20.252906,41.89,85.56,1,0,Policy,0.5,41.89,85.56,1,770.8333333333334,0.0,True,-0.272061
2024-12-18 10:04:33.021382,17.79,82.09,1,0,Random,0.5,17.79,82.09,1,754.1666666666666,0.0,True,-0.267559
2024-12-18 10:05:45.349280,13.65,84.02,1,0,Policy,0.5,13.65,84.02,1,682.1666666666666,0.0,True,-0.247606
2024-12-18 10:07:48.289676,43.11,85.9,1,1,Policy,0.5,31.07,74.04,2,1607.5,0.0,True,-0.78628
2024-12-18 10:09:04.409387,3.44,90.43,2,-1,Policy,0.5,0.14,78.86,1,775.8333333333334,0.0,True,-0.273404
2024-12-18 10:10:17.105252,43.18,84.85,1,0,Random,0.5,7.78,82.68,1,784.1666666666666,0.0,True,-0.275633
2024-12-18 10:11:29.447281,14.47,81.12,1,0,Policy,0.5,14.47,81.12,1,888.0,0.0,True,-0.302563
2024-12-18 10:13:18.355201,20.42,77.93,1,1,Policy,0.5,39.06,100.96,2,833.0,0.0,True,-0.618488
2024-12-18 10:14:34.133459,41.04,96.76,2,-1,Random,0.5,18.78,81.82,1,830.8333333333334,0.0,True,-0.287925
2024-12-18 10:16:32.399262,12.44,79.5,1,1,Policy,0.5,0.14,74.0,2,882.5,0.0,True,-0.631174
2024-12-18 10:17:48.099090,31.4,93.56,2,-1,Random,0.5,0.13,79.9,1,734.0,0.0,True,-0.262054
2024-12-18 10:19:00.616296,36.65,83.34,1,0,Random,0.5,10.55,76.14,1,706.3333333333334,0.0,True,-0.254397
2024-12-18 10:20:12.899867,60.44,115.07,1,0,Policy,0.5,60.44,115.07,1,770.3333333333334,0.0,True,-0.271927
2024-12-18 10:21:25.406329,33.5,79.13,1,0,Policy,0.5,33.5,79.13,1,804.1666666666666,0.0,True,-0.28094
2024-12-18 10:23:02.623476,13.82,82.56,1,1,Policy,0.5,57.6,94.73,2,1317.5,0.0,True,-0.730148
2024-12-18 10:24:15.690432,36.31,95.82,2,0,Random,0.5,36.31,95.82,2,871.8333333333334,0.0,True,-0.628469
2024-12-18 10:25:30.985651,5.76,93.71,2,-1,Policy,0.5,0.14,83.28,1,1035.0,0.0,True,-0.33826
2024-12-18 10:26:43.593032,83.39,80.45,1,0,Random,0.5,83.39,80.45,1,748.1666666666666,0.0,True,-0.265928
2024-12-18 10:27:56.073716,11.05,79.59,1,0,Random,0.5,11.05,79.59,1,715.8333333333334,0.0,True,-0.25704
2024-12-18 10:29:09.076277,31.15,80.81,1,0,Random,0.5,31.15,80.81,1,914.5,0.0,True,-0.309199
2024-12-18 10:30:21.687092,31.37,79.63,1,0,Random,0.5,31.37,79.63,1,708.3333333333334,0.0,True,-0.254955
2024-12-18 10:31:34.176172,43.54,82.83,1,0,Policy,0.5,43.54,82.83,1,747.0,0.0,True,-0.26561
2024-12-18 10:32:47.372484,6.1,85.92,1,0,Random,0.5,22.87,87.45,1,922.5,0.0,True,-0.311185
2024-12-18 10:35:03.787025,49.99,81.81,1,1,Policy,0.5,58.82,103.38,2,1188.5,0.0,True,-0.702881
2024-12-18 10:36:19.582453,21.89,94.97,2,-1,Random,0.5,0.13,79.06,1,706.8333333333334,0.0,True,-0.254536
2024-12-18 10:37:31.449382,25.86,119.98,1,0,Random,0.5,25.86,119.98,1,897.0,0.0,True,-0.304827
2024-12-18 10:38:43.998906,48.36,85.61,1,0,Random,0.5,48.36,85.61,1,720.8333333333334,0.0,True,-0.258425
2024-12-18 10:39:56.042481,7.26,79.88,1,0,Random,0.5,7.26,79.88,1,769.0,0.0,True,-0.271568
2024-12-18 10:41:08.628256,62.28,124.7,1,0,Random,0.5,62.28,124.7,1,865.3333333333334,0.0,True,-0.296813
2024-12-18 10:42:21.731808,48.3,79.34,1,0,Policy,0.5,48.3,79.34,1,1274.5,0.0,True,-0.391231
2024-12-18 10:44:24.765662,83.08,86.1,1,1,Policy,0.5,40.35,81.1,2,9424.833333333334,0.0,True,-1.446044
2024-12-18 10:46:10.298543,72.72,87.56,2,-1,Policy,0.5,81.09,144.27,1,4512.333333333333,0.0,True,-0.812679
2024-12-18 10:47:22.765255,23.95,103.98,1,0,Random,0.5,23.95,103.98,1,1165.6666666666667,0.0,True,-0.367888
2024-12-18 10:49:57.004710,55.0,107.11,1,1,Policy,0.5,43.36,107.03,2,13223.5,0.0,True,-1.593968
2024-12-18 10:51:11.181207,51.56,90.6,2,0,Random,0.5,51.56,90.6,2,4870.833333333333,0.0,True,-1.172677
2024-12-18 10:52:37.109451,63.9,109.89,2,0,Random,0.5,63.9,109.89,2,5369.166666666667,0.0,True,-1.211465
2024-12-18 10:54:54.805856,22.03,112.29,2,1,Policy,0.5,37.89,100.02,3,8185.0,16.666667,True,-2.945976
2024-12-18 10:56:34.502805,40.94,87.19,2,1,Policy,0.5,0.14,86.97,2,1469.3333333333333,0.0,True,-0.76036
2024-12-18 10:57:53.366798,13.64,128.56,2,-1,Random,0.5,103.08,109.55,1,2226.5,0.0,True,-0.55769
2024-12-18 10:59:12.388204,113.39,152.2,1,0,Policy,0.5,113.39,152.2,1,2819.6666666666665,0.0,True,-0.638037
2024-12-18 11:01:20.402061,12.74,106.82,1,1,Policy,0.5,58.77,92.48,2,10132.333333333334,0.0,True,-1.477306
2024-12-18 11:02:53.498456,57.36,90.45,2,0,Random,0.5,57.36,90.45,2,9103.833333333334,0.0,True,-1.431154
2024-12-18 11:04:36.159991,66.08,109.8,2,0,Random,0.5,66.08,109.8,2,8422.0,0.0,True,-1.397891
2024-12-18 11:07:12.147841,74.5,89.34,2,1,Policy,0.5,52.01,94.03,3,12620.666666666666,0.0,True,-1.766387
2024-12-18 11:08:29.801924,54.64,109.23,3,-1,Policy,0.5,81.91,130.45,2,961.6666666666666,0.0,True,-0.650786
2024-12-18 11:09:42.795018,32.96,107.92,2,0,Random,0.5,32.96,107.92,2,1087.6666666666667,0.0,True,-0.680424
2024-12-18 11:11:00.010162,3.81,101.31,2,-1,Random,0.5,7.49,92.97,1,1083.8333333333333,0.0,True,-0.349549
2024-12-18 11:12:14.894767,53.8,146.73,1,0,Random,0.5,53.8,146.73,1,1464.1666666666667,0.0,True,-0.429363
2024-12-18 11:13:27.074658,50.79,101.8,1,0,Random,0.5,50.79,101.8,1,1480.8333333333333,0.0,True,-0.432572
2024-12-18 11:14:39.316608,75.47,105.9,1,0,Policy,0.5,75.47,105.9,1,2214.0,0.0,True,-0.555842
2024-12-18 11:16:00.242692,62.24,99.75,1,0,Random,0.5,62.24,99.75,1,7481.5,0.0,True,-1.017825
2024-12-18 11:17:17.859785,74.64,116.81,1,0,Random,0.5,74.64,116.81,1,955.6666666666666,0.0,True,-0.319328
2024-12-18 11:18:30.654968,68.15,141.34,1,0,Random,0.5,10.78,110.61,1,1240.5,0.0,True,-0.384061
2024-12-18 11:19:43.666574,60.0,106.61,1,0,Policy,0.5,60.0,106.61,1,1098.6666666666667,0.0,True,-0.352926
2024-12-18 11:21:01.893564,59.28,109.78,1,0,Random,0.5,59.28,109.78,1,3809.1666666666665,33.333333,True,-2.431217
2024-12-18 11:22:15.742927,112.85,149.2,1,0,Random,0.5,112.09,147.55,1,1149.1666666666667,0.0,True,-0.364247
2024-12-18 11:23:28.613817,69.39,111.99,1,0,Random,0.5,69.39,111.99,1,994.3333333333334,0.0,True,-0.328649
2024-12-18 11:24:41.769406,18.84,104.09,1,0,Random,0.5,18.84,104.09,1,1109.8333333333333,0.0,True,-0.355453
2024-12-18 11:25:54.441224,60.56,104.8,1,0,Random,0.5,60.56,104.8,1,930.0,0.0,True,-0.313038
2024-12-18 11:27:07.571632,13.46,105.81,1,0,Random,0.5,13.46,105.81,1,944.6666666666666,0.0,True,-0.316643
2024-12-18 11:28:20.566414,36.34,109.28,1,0,Policy,0.5,36.34,109.28,1,905.0,0.0,True,-0.306831
2024-12-18 11:29:33.753236,53.02,108.65,1,0,Policy,0.5,53.02,108.65,1,1076.3333333333333,0.0,True,-0.347833
2024-12-18 11:30:45.948672,60.01,106.19,1,0,Random,0.5,60.01,106.19,1,933.1666666666666,0.0,True,-0.313819
2024-12-18 11:31:58.304956,88.83,107.13,1,0,Random,0.5,88.83,107.13,1,1511.8333333333333,0.0,True,-0.438484
2024-12-18 11:33:10.651060,12.15,106.94,1,0,Policy,0.5,12.15,106.94,1,931.0,0.0,True,-0.313285
2024-12-18 11:34:23.658845,83.84,131.89,1,0,Policy,0.5,83.84,131.89,1,1117.3333333333333,0.0,True,-0.357142
2024-12-18 11:35:36.658438,8.85,106.12,1,0,Random,0.5,8.85,106.12,1,2016.8333333333333,0.0,True,-0.525702
2024-12-18 11:36:46.747570,103.9,109.68,1,0,Policy,0.5,103.9,109.68,1,1800.8333333333333,0.0,True,-0.490333
2024-12-18 11:38:00.434185,33.35,106.74,1,0,Random,0.5,63.77,109.38,1,986.8333333333334,0.0,True,-0.326855
2024-12-18 11:39:13.319959,47.35,109.43,1,0,Random,0.5,47.35,109.43,1,961.6666666666666,0.0,True,-0.320786
2024-12-18 11:40:26.501876,33.51,107.64,1,0,Random,0.5,33.51,107.64,1,948.3333333333334,0.0,True,-0.317539
2024-12-18 11:41:39.599710,9.98,106.42,1,0,Random,0.5,9.98,106.42,1,950.0,0.0,True,-0.317946
2024-12-18 11:42:52.080341,68.23,109.06,1,0,Random,0.5,68.23,109.06,1,890.0,0.0,True,-0.303067
2024-12-18 11:44:03.967045,23.47,107.87,1,0,Policy,0.5,23.47,107.87,1,1788.1666666666667,0.0,True,-0.488175
2024-12-18 11:45:16.955518,96.31,110.24,1,0,Policy,0.5,96.31,110.24,1,1024.8333333333333,0.0,True,-0.335875
2024-12-18 11:46:29.591303,43.21,130.85,1,0,Policy,0.5,42.55,107.46,1,843.0,0.0,True,-0.291079
2024-12-18 11:48:32.850116,21.79,107.32,1,1,Policy,0.5,104.52,120.25,2,1057.1666666666667,0.0,True,-0.673417
2024-12-18 11:49:48.960684,30.24,106.19,2,-1,Random,0.5,0.14,102.69,1,912.1666666666666,0.0,True,-0.308619
2024-12-18 11:51:01.572545,30.9,106.52,1,0,Policy,0.5,30.9,106.52,1,891.6666666666666,0.0,True,-0.303487
2024-12-18 11:52:14.123320,37.25,109.17,1,0,Random,0.5,65.49,111.0,1,978.6666666666666,0.0,True,-0.324894
2024-12-18 11:53:26.580242,20.74,105.51,1,0,Policy,0.5,20.74,105.51,1,936.3333333333334,0.0,True,-0.314598
2024-12-18 11:54:39.346593,52.59,109.65,1,0,Random,0.5,52.59,109.65,1,790.1666666666666,0.0,True,-0.277231
2024-12-18 11:55:52.149492,46.43,104.65,1,0,Policy,0.5,46.43,104.65,1,1004.1666666666666,0.0,True,-0.330991
2024-12-18 11:57:04.610873,27.17,109.35,1,0,Policy,0.5,27.17,109.35,1,960.3333333333334,0.0,True,-0.320463
2024-12-18 11:58:17.467317,57.28,108.5,1,0,Policy,0.5,57.28,108.5,1,885.1666666666666,0.0,True,-0.301848
2024-12-18 11:59:30.239166,8.9,101.14,1,0,Random,0.5,8.9,101.14,1,951.3333333333334,0.0,True,-0.318272
2024-12-18 12:00:42.816281,63.84,109.84,1,0,Random,0.5,63.84,109.84,1,877.6666666666666,0.0,True,-0.299951
2024-12-18 12:01:58.147516,24.28,104.04,1,0,Random,0.5,24.28,104.04,1,1248.3333333333333,0.0,True,-0.385722
2024-12-18 12:03:11.317064,57.12,151.48,1,0,Policy,0.5,57.12,151.48,1,1390.3333333333333,0.0,True,-0.41488
2024-12-18 12:04:24.648880,15.4,106.75,1,0,Policy,0.5,15.4,106.75,1,1096.3333333333333,0.0,True,-0.352396
